"","seqnames","start","end","width","strand","Allele","Consequence","IMPACT","SYMBOL","Gene","Feature_type","Feature","BIOTYPE","EXON","INTRON","HGVSc","HGVSp","cDNA_position","CDS_position","Protein_position","Amino_acids","Codons","Existing_variation","DISTANCE","STRAND","FLAGS","SYMBOL_SOURCE","HGNC_ID","SIFT","PolyPhen","CLIN_SIG","SOMATIC","PHENO","PUBMED","MOTIF_NAME","MOTIF_POS","HIGH_INF_POS","MOTIF_SCORE_CHANGE","TRANSCRIPTION_FACTORS"
"1","1",86557967,86557967,1,"*","A","intron_variant","MODIFIER","CLCA4","ENSG00000016602","Transcript","ENST00000370563","protein_coding",NA,"1/13",NA,NA,NA,NA,NA,NA,NA,NA,NA,"1",NA,"HGNC","HGNC:2018",NA,NA,NA,NA,NA,NA,NA,NA,NA,NA,NA
"2","1",109704618,109704618,1,"*","G","intron_variant","MODIFIER","GSTM2","ENSG00000213366","Transcript","ENST00000369831","protein_coding",NA,"7/7",NA,NA,NA,NA,NA,NA,NA,NA,NA,"1",NA,"HGNC","HGNC:4634",NA,NA,NA,NA,NA,NA,NA,NA,NA,NA,NA
"3","1",109704618,109704618,1,"*","G","downstream_gene_variant","MODIFIER","GSTM2","ENSG00000213366","Transcript","ENST00000460717","protein_coding",NA,NA,NA,NA,NA,NA,NA,NA,NA,NA,"2176","1",NA,"HGNC","HGNC:4634",NA,NA,NA,NA,NA,NA,NA,NA,NA,NA,NA
"4","1",109704618,109704618,1,"*","G","intron_variant","MODIFIER","GSTM1","ENSG00000134184","Transcript","ENST00000483399","protein_coding",NA,"4/4",NA,NA,NA,NA,NA,NA,NA,NA,NA,"1",NA,"HGNC","HGNC:4632",NA,NA,NA,NA,NA,NA,NA,NA,NA,NA,NA
"5","1",109704618,109704618,1,"*","G","intron_variant&non_coding_transcript_variant","MODIFIER","GSTM1","ENSG00000134184","Transcript","ENST00000490021","processed_transcript",NA,"4/4",NA,NA,NA,NA,NA,NA,NA,NA,NA,"1",NA,"HGNC","HGNC:4632",NA,NA,NA,NA,NA,NA,NA,NA,NA,NA,NA
"6","1",109704618,109704618,1,"*","G","upstream_gene_variant","MODIFIER","GSTM2","ENSG00000213366","Transcript","ENST00000624726","TEC",NA,NA,NA,NA,NA,NA,NA,NA,NA,NA,"613","1",NA,"HGNC","HGNC:4634",NA,NA,NA,NA,NA,NA,NA,NA,NA,NA,NA
"7","1",109735298,109735298,1,"*","C","3_prime_UTR_variant","MODIFIER","GSTM3","ENSG00000134202","Transcript","ENST00000256594","protein_coding","8/8",NA,NA,NA,"2680",NA,NA,NA,NA,NA,NA,"-1",NA,"HGNC","HGNC:4635",NA,NA,NA,NA,NA,NA,NA,NA,NA,NA,NA
"8","1",109735298,109735298,1,"*","C","3_prime_UTR_variant","MODIFIER","GSTM3","ENSG00000134202","Transcript","ENST00000361066","protein_coding","9/9",NA,NA,NA,"2761",NA,NA,NA,NA,NA,NA,"-1",NA,"HGNC","HGNC:4635",NA,NA,NA,NA,NA,NA,NA,NA,NA,NA,NA
"9","1",109735298,109735298,1,"*","C","intron_variant&non_coding_transcript_variant","MODIFIER","GSTM5","ENSG00000134201","Transcript","ENST00000429410","processed_transcript",NA,"1/1",NA,NA,NA,NA,NA,NA,NA,NA,NA,"1",NA,"HGNC","HGNC:4637",NA,NA,NA,NA,NA,NA,NA,NA,NA,NA,NA
"10","1",109735298,109735298,1,"*","C","downstream_gene_variant","MODIFIER","GSTM3","ENSG00000134202","Transcript","ENST00000476321","processed_transcript",NA,NA,NA,NA,NA,NA,NA,NA,NA,NA,"1677","-1",NA,"HGNC","HGNC:4635",NA,NA,NA,NA,NA,NA,NA,NA,NA,NA,NA
"11","1",109735298,109735298,1,"*","C","downstream_gene_variant","MODIFIER","GSTM3","ENSG00000134202","Transcript","ENST00000486823","processed_transcript",NA,NA,NA,NA,NA,NA,NA,NA,NA,NA,"1632","-1",NA,"HGNC","HGNC:4635",NA,NA,NA,NA,NA,NA,NA,NA,NA,NA,NA
"12","1",109735298,109735298,1,"*","C","downstream_gene_variant","MODIFIER","GSTM3","ENSG00000134202","Transcript","ENST00000488824","processed_transcript",NA,NA,NA,NA,NA,NA,NA,NA,NA,NA,"1678","-1",NA,"HGNC","HGNC:4635",NA,NA,NA,NA,NA,NA,NA,NA,NA,NA,NA
"13","1",109735298,109735298,1,"*","C","downstream_gene_variant","MODIFIER","GSTM3","ENSG00000134202","Transcript","ENST00000540225","protein_coding",NA,NA,NA,NA,NA,NA,NA,NA,NA,NA,"2067","-1",NA,"HGNC","HGNC:4635",NA,NA,NA,NA,NA,NA,NA,NA,NA,NA,NA
"14","1",109735416,109735416,1,"*","C","3_prime_UTR_variant","MODIFIER","GSTM3","ENSG00000134202","Transcript","ENST00000256594","protein_coding","8/8",NA,NA,NA,"2562",NA,NA,NA,NA,NA,NA,"-1",NA,"HGNC","HGNC:4635",NA,NA,NA,NA,NA,NA,NA,NA,NA,NA,NA
"15","1",109735416,109735416,1,"*","C","3_prime_UTR_variant","MODIFIER","GSTM3","ENSG00000134202","Transcript","ENST00000361066","protein_coding","9/9",NA,NA,NA,"2643",NA,NA,NA,NA,NA,NA,"-1",NA,"HGNC","HGNC:4635",NA,NA,NA,NA,NA,NA,NA,NA,NA,NA,NA
"16","1",109735416,109735416,1,"*","C","intron_variant&non_coding_transcript_variant","MODIFIER","GSTM5","ENSG00000134201","Transcript","ENST00000429410","processed_transcript",NA,"1/1",NA,NA,NA,NA,NA,NA,NA,NA,NA,"1",NA,"HGNC","HGNC:4637",NA,NA,NA,NA,NA,NA,NA,NA,NA,NA,NA
"17","1",109735416,109735416,1,"*","C","downstream_gene_variant","MODIFIER","GSTM3","ENSG00000134202","Transcript","ENST00000476321","processed_transcript",NA,NA,NA,NA,NA,NA,NA,NA,NA,NA,"1559","-1",NA,"HGNC","HGNC:4635",NA,NA,NA,NA,NA,NA,NA,NA,NA,NA,NA
"18","1",109735416,109735416,1,"*","C","downstream_gene_variant","MODIFIER","GSTM3","ENSG00000134202","Transcript","ENST00000486823","processed_transcript",NA,NA,NA,NA,NA,NA,NA,NA,NA,NA,"1514","-1",NA,"HGNC","HGNC:4635",NA,NA,NA,NA,NA,NA,NA,NA,NA,NA,NA
"19","1",109735416,109735416,1,"*","C","downstream_gene_variant","MODIFIER","GSTM3","ENSG00000134202","Transcript","ENST00000488824","processed_transcript",NA,NA,NA,NA,NA,NA,NA,NA,NA,NA,"1560","-1",NA,"HGNC","HGNC:4635",NA,NA,NA,NA,NA,NA,NA,NA,NA,NA,NA
"20","1",109735416,109735416,1,"*","C","downstream_gene_variant","MODIFIER","GSTM3","ENSG00000134202","Transcript","ENST00000540225","protein_coding",NA,NA,NA,NA,NA,NA,NA,NA,NA,NA,"1949","-1",NA,"HGNC","HGNC:4635",NA,NA,NA,NA,NA,NA,NA,NA,NA,NA,NA
"21","1",109737063,109737063,1,"*","T","3_prime_UTR_variant","MODIFIER","GSTM3","ENSG00000134202","Transcript","ENST00000256594","protein_coding","8/8",NA,NA,NA,"915",NA,NA,NA,NA,NA,NA,"-1",NA,"HGNC","HGNC:4635",NA,NA,NA,NA,NA,NA,NA,NA,NA,NA,NA
"22","1",109737063,109737063,1,"*","T","3_prime_UTR_variant","MODIFIER","GSTM3","ENSG00000134202","Transcript","ENST00000361066","protein_coding","9/9",NA,NA,NA,"996",NA,NA,NA,NA,NA,NA,"-1",NA,"HGNC","HGNC:4635",NA,NA,NA,NA,NA,NA,NA,NA,NA,NA,NA
"23","1",109737063,109737063,1,"*","T","intron_variant&non_coding_transcript_variant","MODIFIER","GSTM5","ENSG00000134201","Transcript","ENST00000429410","processed_transcript",NA,"1/1",NA,NA,NA,NA,NA,NA,NA,NA,NA,"1",NA,"HGNC","HGNC:4637",NA,NA,NA,NA,NA,NA,NA,NA,NA,NA,NA
"24","1",109737063,109737063,1,"*","T","non_coding_transcript_exon_variant","MODIFIER","GSTM3","ENSG00000134202","Transcript","ENST00000476321","processed_transcript","3/3",NA,NA,NA,"654",NA,NA,NA,NA,NA,NA,"-1",NA,"HGNC","HGNC:4635",NA,NA,NA,NA,NA,NA,NA,NA,NA,NA,NA
"25","1",109737063,109737063,1,"*","T","non_coding_transcript_exon_variant","MODIFIER","GSTM3","ENSG00000134202","Transcript","ENST00000486823","processed_transcript","7/7",NA,NA,NA,"650",NA,NA,NA,NA,NA,NA,"-1",NA,"HGNC","HGNC:4635",NA,NA,NA,NA,NA,NA,NA,NA,NA,NA,NA
"26","1",109737063,109737063,1,"*","T","non_coding_transcript_exon_variant","MODIFIER","GSTM3","ENSG00000134202","Transcript","ENST00000488824","processed_transcript","7/7",NA,NA,NA,"1031",NA,NA,NA,NA,NA,NA,"-1",NA,"HGNC","HGNC:4635",NA,NA,NA,NA,NA,NA,NA,NA,NA,NA,NA
"27","1",109737063,109737063,1,"*","T","downstream_gene_variant","MODIFIER","GSTM3","ENSG00000134202","Transcript","ENST00000540225","protein_coding",NA,NA,NA,NA,NA,NA,NA,NA,NA,NA,"302","-1",NA,"HGNC","HGNC:4635",NA,NA,NA,NA,NA,NA,NA,NA,NA,NA,NA
"28","1",109737090,109737090,1,"*","A","missense_variant","MODERATE","GSTM3","ENSG00000134202","Transcript","ENST00000256594","protein_coding","8/8",NA,NA,NA,"888","659","220","A/V","gCc/gTc",NA,NA,"-1",NA,"HGNC","HGNC:4635","deleterious(0.01)","possibly_damaging(0.88)",NA,NA,NA,NA,NA,NA,NA,NA,NA
"29","1",109737090,109737090,1,"*","A","missense_variant","MODERATE","GSTM3","ENSG00000134202","Transcript","ENST00000361066","protein_coding","9/9",NA,NA,NA,"969","659","220","A/V","gCc/gTc",NA,NA,"-1",NA,"HGNC","HGNC:4635","deleterious(0.01)","possibly_damaging(0.88)",NA,NA,NA,NA,NA,NA,NA,NA,NA
"30","1",109737090,109737090,1,"*","A","intron_variant&non_coding_transcript_variant","MODIFIER","GSTM5","ENSG00000134201","Transcript","ENST00000429410","processed_transcript",NA,"1/1",NA,NA,NA,NA,NA,NA,NA,NA,NA,"1",NA,"HGNC","HGNC:4637",NA,NA,NA,NA,NA,NA,NA,NA,NA,NA,NA
"31","1",109737090,109737090,1,"*","A","non_coding_transcript_exon_variant","MODIFIER","GSTM3","ENSG00000134202","Transcript","ENST00000476321","processed_transcript","3/3",NA,NA,NA,"627",NA,NA,NA,NA,NA,NA,"-1",NA,"HGNC","HGNC:4635",NA,NA,NA,NA,NA,NA,NA,NA,NA,NA,NA
"32","1",109737090,109737090,1,"*","A","non_coding_transcript_exon_variant","MODIFIER","GSTM3","ENSG00000134202","Transcript","ENST00000486823","processed_transcript","7/7",NA,NA,NA,"623",NA,NA,NA,NA,NA,NA,"-1",NA,"HGNC","HGNC:4635",NA,NA,NA,NA,NA,NA,NA,NA,NA,NA,NA
"33","1",109737090,109737090,1,"*","A","non_coding_transcript_exon_variant","MODIFIER","GSTM3","ENSG00000134202","Transcript","ENST00000488824","processed_transcript","7/7",NA,NA,NA,"1004",NA,NA,NA,NA,NA,NA,"-1",NA,"HGNC","HGNC:4635",NA,NA,NA,NA,NA,NA,NA,NA,NA,NA,NA
"34","1",109737090,109737090,1,"*","A","downstream_gene_variant","MODIFIER","GSTM3","ENSG00000134202","Transcript","ENST00000540225","protein_coding",NA,NA,NA,NA,NA,NA,NA,NA,NA,NA,"275","-1",NA,"HGNC","HGNC:4635",NA,NA,NA,NA,NA,NA,NA,NA,NA,NA,NA
"35","1",109737132,109737132,1,"*","C","missense_variant","MODERATE","GSTM3","ENSG00000134202","Transcript","ENST00000256594","protein_coding","8/8",NA,NA,NA,"846","617","206","Q/R","cAg/cGg",NA,NA,"-1",NA,"HGNC","HGNC:4635","tolerated(1)","benign(0)",NA,NA,NA,NA,NA,NA,NA,NA,NA
"36","1",109737132,109737132,1,"*","C","missense_variant","MODERATE","GSTM3","ENSG00000134202","Transcript","ENST00000361066","protein_coding","9/9",NA,NA,NA,"927","617","206","Q/R","cAg/cGg",NA,NA,"-1",NA,"HGNC","HGNC:4635","tolerated(1)","benign(0)",NA,NA,NA,NA,NA,NA,NA,NA,NA
"37","1",109737132,109737132,1,"*","C","intron_variant&non_coding_transcript_variant","MODIFIER","GSTM5","ENSG00000134201","Transcript","ENST00000429410","processed_transcript",NA,"1/1",NA,NA,NA,NA,NA,NA,NA,NA,NA,"1",NA,"HGNC","HGNC:4637",NA,NA,NA,NA,NA,NA,NA,NA,NA,NA,NA
"38","1",109737132,109737132,1,"*","C","non_coding_transcript_exon_variant","MODIFIER","GSTM3","ENSG00000134202","Transcript","ENST00000476321","processed_transcript","3/3",NA,NA,NA,"585",NA,NA,NA,NA,NA,NA,"-1",NA,"HGNC","HGNC:4635",NA,NA,NA,NA,NA,NA,NA,NA,NA,NA,NA
"39","1",109737132,109737132,1,"*","C","non_coding_transcript_exon_variant","MODIFIER","GSTM3","ENSG00000134202","Transcript","ENST00000486823","processed_transcript","7/7",NA,NA,NA,"581",NA,NA,NA,NA,NA,NA,"-1",NA,"HGNC","HGNC:4635",NA,NA,NA,NA,NA,NA,NA,NA,NA,NA,NA
"40","1",109737132,109737132,1,"*","C","non_coding_transcript_exon_variant","MODIFIER","GSTM3","ENSG00000134202","Transcript","ENST00000488824","processed_transcript","7/7",NA,NA,NA,"962",NA,NA,NA,NA,NA,NA,"-1",NA,"HGNC","HGNC:4635",NA,NA,NA,NA,NA,NA,NA,NA,NA,NA,NA
"41","1",109737132,109737132,1,"*","C","downstream_gene_variant","MODIFIER","GSTM3","ENSG00000134202","Transcript","ENST00000540225","protein_coding",NA,NA,NA,NA,NA,NA,NA,NA,NA,NA,"233","-1",NA,"HGNC","HGNC:4635",NA,NA,NA,NA,NA,NA,NA,NA,NA,NA,NA
"42","1",109737172,109737172,1,"*","T","splice_region_variant&intron_variant","LOW","GSTM3","ENSG00000134202","Transcript","ENST00000256594","protein_coding",NA,"7/7",NA,NA,NA,NA,NA,NA,NA,"COSV56663250",NA,"-1",NA,"HGNC","HGNC:4635",NA,NA,NA,"1","1",NA,NA,NA,NA,NA,NA
"43","1",109737172,109737172,1,"*","T","splice_region_variant&intron_variant","LOW","GSTM3","ENSG00000134202","Transcript","ENST00000361066","protein_coding",NA,"8/8",NA,NA,NA,NA,NA,NA,NA,"COSV56663250",NA,"-1",NA,"HGNC","HGNC:4635",NA,NA,NA,"1","1",NA,NA,NA,NA,NA,NA
"44","1",109737172,109737172,1,"*","T","intron_variant&non_coding_transcript_variant","MODIFIER","GSTM5","ENSG00000134201","Transcript","ENST00000429410","processed_transcript",NA,"1/1",NA,NA,NA,NA,NA,NA,NA,"COSV56663250",NA,"1",NA,"HGNC","HGNC:4637",NA,NA,NA,"1","1",NA,NA,NA,NA,NA,NA
"45","1",109737172,109737172,1,"*","T","non_coding_transcript_exon_variant","MODIFIER","GSTM3","ENSG00000134202","Transcript","ENST00000476321","processed_transcript","3/3",NA,NA,NA,"545",NA,NA,NA,NA,"COSV56663250",NA,"-1",NA,"HGNC","HGNC:4635",NA,NA,NA,"1","1",NA,NA,NA,NA,NA,NA
"46","1",109737172,109737172,1,"*","T","splice_region_variant&intron_variant&non_coding_transcript_variant","LOW","GSTM3","ENSG00000134202","Transcript","ENST00000486823","processed_transcript",NA,"6/6",NA,NA,NA,NA,NA,NA,NA,"COSV56663250",NA,"-1",NA,"HGNC","HGNC:4635",NA,NA,NA,"1","1",NA,NA,NA,NA,NA,NA
"47","1",109737172,109737172,1,"*","T","splice_region_variant&intron_variant&non_coding_transcript_variant","LOW","GSTM3","ENSG00000134202","Transcript","ENST00000488824","processed_transcript",NA,"6/6",NA,NA,NA,NA,NA,NA,NA,"COSV56663250",NA,"-1",NA,"HGNC","HGNC:4635",NA,NA,NA,"1","1",NA,NA,NA,NA,NA,NA
"48","1",109737172,109737172,1,"*","T","downstream_gene_variant","MODIFIER","GSTM3","ENSG00000134202","Transcript","ENST00000540225","protein_coding",NA,NA,NA,NA,NA,NA,NA,NA,NA,"COSV56663250","193","-1",NA,"HGNC","HGNC:4635",NA,NA,NA,"1","1",NA,NA,NA,NA,NA,NA
"49","1",109742485,109742485,1,"*","A","upstream_gene_variant","MODIFIER","GSTM3","ENSG00000134202","Transcript","ENST00000256594","protein_coding",NA,NA,NA,NA,NA,NA,NA,NA,NA,NA,"1969","-1",NA,"HGNC","HGNC:4635",NA,NA,NA,NA,NA,NA,NA,NA,NA,NA,NA
"50","1",109742485,109742485,1,"*","A","upstream_gene_variant","MODIFIER","GSTM3","ENSG00000134202","Transcript","ENST00000361066","protein_coding",NA,NA,NA,NA,NA,NA,NA,NA,NA,NA,"1447","-1",NA,"HGNC","HGNC:4635",NA,NA,NA,NA,NA,NA,NA,NA,NA,NA,NA
"51","1",109742485,109742485,1,"*","A","intron_variant&non_coding_transcript_variant","MODIFIER","GSTM5","ENSG00000134201","Transcript","ENST00000429410","processed_transcript",NA,"1/1",NA,NA,NA,NA,NA,NA,NA,NA,NA,"1",NA,"HGNC","HGNC:4637",NA,NA,NA,NA,NA,NA,NA,NA,NA,NA,NA
"52","1",109742485,109742485,1,"*","A","upstream_gene_variant","MODIFIER","GSTM3","ENSG00000134202","Transcript","ENST00000476321","processed_transcript",NA,NA,NA,NA,NA,NA,NA,NA,NA,NA,"4342","-1",NA,"HGNC","HGNC:4635",NA,NA,NA,NA,NA,NA,NA,NA,NA,NA,NA
"53","1",109742485,109742485,1,"*","A","upstream_gene_variant","MODIFIER","GSTM3","ENSG00000134202","Transcript","ENST00000486823","processed_transcript",NA,NA,NA,NA,NA,NA,NA,NA,NA,NA,"2158","-1",NA,"HGNC","HGNC:4635",NA,NA,NA,NA,NA,NA,NA,NA,NA,NA,NA
"54","1",109742485,109742485,1,"*","A","upstream_gene_variant","MODIFIER","GSTM3","ENSG00000134202","Transcript","ENST00000488824","processed_transcript",NA,NA,NA,NA,NA,NA,NA,NA,NA,NA,"2184","-1",NA,"HGNC","HGNC:4635",NA,NA,NA,NA,NA,NA,NA,NA,NA,NA,NA
"55","1",109742485,109742485,1,"*","A","upstream_gene_variant","MODIFIER","GSTM3","ENSG00000134202","Transcript","ENST00000540225","protein_coding",NA,NA,NA,NA,NA,NA,NA,NA,NA,NA,"2181","-1",NA,"HGNC","HGNC:4635",NA,NA,NA,NA,NA,NA,NA,NA,NA,NA,NA
"56","1",109745618,109745618,1,"*","C","upstream_gene_variant","MODIFIER","GSTM3","ENSG00000134202","Transcript","ENST00000361066","protein_coding",NA,NA,NA,NA,NA,NA,NA,NA,NA,NA,"4580","-1",NA,"HGNC","HGNC:4635",NA,NA,NA,NA,NA,NA,NA,NA,NA,NA,NA
"57","1",109745618,109745618,1,"*","C","intron_variant&non_coding_transcript_variant","MODIFIER","GSTM5","ENSG00000134201","Transcript","ENST00000429410","processed_transcript",NA,"1/1",NA,NA,NA,NA,NA,NA,NA,NA,NA,"1",NA,"HGNC","HGNC:4637",NA,NA,NA,NA,NA,NA,NA,NA,NA,NA,NA
"58","1",150259400,150259400,1,"*","C","intron_variant","MODIFIER","CA14","ENSG00000118298","Transcript","ENST00000369111","protein_coding",NA,"1/10",NA,NA,NA,NA,NA,NA,NA,NA,NA,"1",NA,"HGNC","HGNC:1372",NA,NA,NA,NA,NA,NA,NA,NA,NA,NA,NA
"59","1",150259400,150259400,1,"*","C","intron_variant&NMD_transcript_variant","MODIFIER","CA14","ENSG00000118298","Transcript","ENST00000483993","nonsense_mediated_decay",NA,"1/8",NA,NA,NA,NA,NA,NA,NA,NA,NA,"1",NA,"HGNC","HGNC:1372",NA,NA,NA,NA,NA,NA,NA,NA,NA,NA,NA
"60","1",150259400,150259400,1,"*","C","intron_variant&non_coding_transcript_variant","MODIFIER","CA14","ENSG00000118298","Transcript","ENST00000582010","retained_intron",NA,"1/1",NA,NA,NA,NA,NA,NA,NA,NA,NA,"1",NA,"HGNC","HGNC:1372",NA,NA,NA,NA,NA,NA,NA,NA,NA,NA,NA
"61","1",150259400,150259400,1,"*","C","upstream_gene_variant","MODIFIER","CA14","ENSG00000118298","Transcript","ENST00000607082","protein_coding",NA,NA,NA,NA,NA,NA,NA,NA,NA,NA,"3644","1","cds_start_NF","HGNC","HGNC:1372",NA,NA,NA,NA,NA,NA,NA,NA,NA,NA,NA
"62","1",150259400,150259400,1,"*","C","intron_variant&non_coding_transcript_variant","MODIFIER","CA14","ENSG00000118298","Transcript","ENST00000607652","retained_intron",NA,"1/7",NA,NA,NA,NA,NA,NA,NA,NA,NA,"1",NA,"HGNC","HGNC:1372",NA,NA,NA,NA,NA,NA,NA,NA,NA,NA,NA
"63","1",150259400,150259400,1,"*","C","intron_variant","MODIFIER","CA14","ENSG00000118298","Transcript","ENST00000647854","protein_coding",NA,"2/11",NA,NA,NA,NA,NA,NA,NA,NA,NA,"1",NA,"HGNC","HGNC:1372",NA,NA,NA,NA,NA,NA,NA,NA,NA,NA,NA
"64","2",189875421,189875421,1,"*","G","upstream_gene_variant","MODIFIER","C2orf88","ENSG00000187699","Transcript","ENST00000478197","processed_transcript",NA,NA,NA,NA,NA,NA,NA,NA,NA,NA,"4188","1",NA,"HGNC","HGNC:28191",NA,NA,NA,NA,NA,NA,NA,NA,NA,NA,NA
"65","2",189875421,189875421,1,"*","G","upstream_gene_variant","MODIFIER","C2orf88","ENSG00000187699","Transcript","ENST00000495546","processed_transcript",NA,NA,NA,NA,NA,NA,NA,NA,NA,NA,"4206","1",NA,"HGNC","HGNC:28191",NA,NA,NA,NA,NA,NA,NA,NA,NA,NA,NA
"66","2",189907937,189907937,1,"*","G","intron_variant&non_coding_transcript_variant","MODIFIER","C2orf88","ENSG00000187699","Transcript","ENST00000478197","processed_transcript",NA,"1/1",NA,NA,NA,NA,NA,NA,NA,NA,NA,"1",NA,"HGNC","HGNC:28191",NA,NA,NA,NA,NA,NA,NA,NA,NA,NA,NA
"67","2",189907937,189907937,1,"*","G","intron_variant&non_coding_transcript_variant","MODIFIER","C2orf88","ENSG00000187699","Transcript","ENST00000495546","processed_transcript",NA,"1/2",NA,NA,NA,NA,NA,NA,NA,NA,NA,"1",NA,"HGNC","HGNC:28191",NA,NA,NA,NA,NA,NA,NA,NA,NA,NA,NA
"68","2",189932831,189932831,1,"*","C","intron_variant&non_coding_transcript_variant","MODIFIER","C2orf88","ENSG00000187699","Transcript","ENST00000478197","processed_transcript",NA,"1/1",NA,NA,NA,NA,NA,NA,NA,NA,NA,"1",NA,"HGNC","HGNC:28191",NA,NA,NA,NA,NA,NA,NA,NA,NA,NA,NA
"69","2",189932831,189932831,1,"*","C","intron_variant&non_coding_transcript_variant","MODIFIER","C2orf88","ENSG00000187699","Transcript","ENST00000495546","processed_transcript",NA,"1/2",NA,NA,NA,NA,NA,NA,NA,NA,NA,"1",NA,"HGNC","HGNC:28191",NA,NA,NA,NA,NA,NA,NA,NA,NA,NA,NA
"70","2",189974958,189974958,1,"*","T","intron_variant&non_coding_transcript_variant","MODIFIER","C2orf88","ENSG00000187699","Transcript","ENST00000478197","processed_transcript",NA,"1/1",NA,NA,NA,NA,NA,NA,NA,NA,NA,"1",NA,"HGNC","HGNC:28191",NA,NA,NA,NA,NA,NA,NA,NA,NA,NA,NA
"71","2",189974958,189974958,1,"*","T","intron_variant&non_coding_transcript_variant","MODIFIER","C2orf88","ENSG00000187699","Transcript","ENST00000495546","processed_transcript",NA,"1/2",NA,NA,NA,NA,NA,NA,NA,NA,NA,"1",NA,"HGNC","HGNC:28191",NA,NA,NA,NA,NA,NA,NA,NA,NA,NA,NA
"72","2",231036866,231036866,1,"*","A","upstream_gene_variant","MODIFIER","C2orf72","ENSG00000204128","Transcript","ENST00000373640","protein_coding",NA,NA,NA,NA,NA,NA,NA,NA,NA,NA,"657","1",NA,"HGNC","HGNC:27418",NA,NA,NA,NA,NA,NA,NA,NA,NA,NA,NA
"73","2",231036866,231036866,1,"*","A","upstream_gene_variant","MODIFIER","C2orf72","ENSG00000204128","Transcript","ENST00000463834","retained_intron",NA,NA,NA,NA,NA,NA,NA,NA,NA,NA,"4241","1",NA,"HGNC","HGNC:27418",NA,NA,NA,NA,NA,NA,NA,NA,NA,NA,NA
"74","2",231036866,231036866,1,"*","A","upstream_gene_variant","MODIFIER","C2orf72","ENSG00000204128","Transcript","ENST00000477463","processed_transcript",NA,NA,NA,NA,NA,NA,NA,NA,NA,NA,"696","1",NA,"HGNC","HGNC:27418",NA,NA,NA,NA,NA,NA,NA,NA,NA,NA,NA
"75","2",231042276,231042276,1,"*","G","intron_variant","MODIFIER","C2orf72","ENSG00000204128","Transcript","ENST00000373640","protein_coding",NA,"2/2",NA,NA,NA,NA,NA,NA,NA,NA,NA,"1",NA,"HGNC","HGNC:27418",NA,NA,NA,NA,NA,NA,NA,NA,NA,NA,NA
"76","2",231042276,231042276,1,"*","G","intron_variant&non_coding_transcript_variant","MODIFIER","C2orf72","ENSG00000204128","Transcript","ENST00000463834","retained_intron",NA,"1/1",NA,NA,NA,NA,NA,NA,NA,NA,NA,"1",NA,"HGNC","HGNC:27418",NA,NA,NA,NA,NA,NA,NA,NA,NA,NA,NA
"77","2",231042276,231042276,1,"*","G","intron_variant&non_coding_transcript_variant","MODIFIER","C2orf72","ENSG00000204128","Transcript","ENST00000477463","processed_transcript",NA,"2/2",NA,NA,NA,NA,NA,NA,NA,NA,NA,"1",NA,"HGNC","HGNC:27418",NA,NA,NA,NA,NA,NA,NA,NA,NA,NA,NA
"78","2",231050715,231050715,1,"*","G","downstream_gene_variant","MODIFIER","C2orf72","ENSG00000204128","Transcript","ENST00000373640","protein_coding",NA,NA,NA,NA,NA,NA,NA,NA,NA,NA,"996","1",NA,"HGNC","HGNC:27418",NA,NA,NA,NA,NA,NA,NA,NA,NA,NA,NA
"79","2",231050715,231050715,1,"*","G","downstream_gene_variant","MODIFIER","C2orf72","ENSG00000204128","Transcript","ENST00000463834","retained_intron",NA,NA,NA,NA,NA,NA,NA,NA,NA,NA,"996","1",NA,"HGNC","HGNC:27418",NA,NA,NA,NA,NA,NA,NA,NA,NA,NA,NA
"80","2",231050715,231050715,1,"*","G","downstream_gene_variant","MODIFIER","C2orf72","ENSG00000204128","Transcript","ENST00000477463","processed_transcript",NA,NA,NA,NA,NA,NA,NA,NA,NA,NA,"3469","1",NA,"HGNC","HGNC:27418",NA,NA,NA,NA,NA,NA,NA,NA,NA,NA,NA
"81","5",33989518,33989518,1,"*","T","intron_variant","MODIFIER","AMACR","ENSG00000242110","Transcript","ENST00000335606","protein_coding",NA,"4/4",NA,NA,NA,NA,NA,NA,NA,NA,NA,"-1",NA,"HGNC","HGNC:451",NA,NA,NA,NA,NA,NA,NA,NA,NA,NA,NA
"82","5",33989518,33989518,1,"*","T","intron_variant","MODIFIER","AMACR","ENSG00000242110","Transcript","ENST00000382072","protein_coding",NA,"3/3",NA,NA,NA,NA,NA,NA,NA,NA,NA,"-1",NA,"HGNC","HGNC:451",NA,NA,NA,NA,NA,NA,NA,NA,NA,NA,NA
"83","5",33989518,33989518,1,"*","T","intron_variant&NMD_transcript_variant","MODIFIER","C1QTNF3-AMACR","ENSG00000273294","Transcript","ENST00000382079","nonsense_mediated_decay",NA,"8/8",NA,NA,NA,NA,NA,NA,NA,NA,NA,"-1",NA,"HGNC","HGNC:49198",NA,NA,NA,NA,NA,NA,NA,NA,NA,NA,NA
"84","5",33989518,33989518,1,"*","T","intron_variant","MODIFIER","AMACR","ENSG00000242110","Transcript","ENST00000382085","protein_coding",NA,"4/5",NA,NA,NA,NA,NA,NA,NA,NA,NA,"-1",NA,"HGNC","HGNC:451",NA,NA,NA,NA,NA,NA,NA,NA,NA,NA,NA
"85","5",33989518,33989518,1,"*","T","intron_variant","MODIFIER","AMACR","ENSG00000242110","Transcript","ENST00000502637","protein_coding",NA,"4/4",NA,NA,NA,NA,NA,NA,NA,NA,NA,"-1",NA,"HGNC","HGNC:451",NA,NA,NA,NA,NA,NA,NA,NA,NA,NA,NA
"86","5",33989518,33989518,1,"*","T","intron_variant&NMD_transcript_variant","MODIFIER","AMACR","ENSG00000242110","Transcript","ENST00000506639","nonsense_mediated_decay",NA,"4/4",NA,NA,NA,NA,NA,NA,NA,NA,NA,"-1",NA,"HGNC","HGNC:451",NA,NA,NA,NA,NA,NA,NA,NA,NA,NA,NA
"87","5",33989518,33989518,1,"*","T","intron_variant&non_coding_transcript_variant","MODIFIER","AMACR","ENSG00000242110","Transcript","ENST00000514195","processed_transcript",NA,"4/4",NA,NA,NA,NA,NA,NA,NA,NA,NA,"-1",NA,"HGNC","HGNC:451",NA,NA,NA,NA,NA,NA,NA,NA,NA,NA,NA
"88","5",33998768,33998768,1,"*","A","missense_variant","MODERATE","AMACR","ENSG00000242110","Transcript","ENST00000335606","protein_coding","4/5",NA,NA,NA,"643","612","204","W/C","tgG/tgT",NA,NA,"-1",NA,"HGNC","HGNC:451","deleterious(0)","probably_damaging(0.999)",NA,NA,NA,NA,NA,NA,NA,NA,NA
"89","5",33998768,33998768,1,"*","A","stop_gained","HIGH","AMACR","ENSG00000242110","Transcript","ENST00000382068","protein_coding","3/4",NA,NA,NA,"460","451","151","G/*","Gga/Tga",NA,NA,"-1",NA,"HGNC","HGNC:451",NA,NA,NA,NA,NA,NA,NA,NA,NA,NA,NA
"90","5",33998768,33998768,1,"*","A","stop_gained","HIGH","AMACR","ENSG00000242110","Transcript","ENST00000382072","protein_coding","3/4",NA,NA,NA,"463","451","151","G/*","Gga/Tga",NA,NA,"-1",NA,"HGNC","HGNC:451",NA,NA,NA,NA,NA,NA,NA,NA,NA,NA,NA
"91","5",33998768,33998768,1,"*","A","3_prime_UTR_variant&NMD_transcript_variant","MODIFIER","C1QTNF3-AMACR","ENSG00000273294","Transcript","ENST00000382079","nonsense_mediated_decay","8/9",NA,NA,NA,"968",NA,NA,NA,NA,NA,NA,"-1",NA,"HGNC","HGNC:49198",NA,NA,NA,NA,NA,NA,NA,NA,NA,NA,NA
"92","5",33998768,33998768,1,"*","A","missense_variant","MODERATE","AMACR","ENSG00000242110","Transcript","ENST00000382085","protein_coding","4/6",NA,NA,NA,"621","612","204","W/C","tgG/tgT",NA,NA,"-1",NA,"HGNC","HGNC:451","deleterious(0)","probably_damaging(0.999)",NA,NA,NA,NA,NA,NA,NA,NA,NA
"93","5",33998768,33998768,1,"*","A","missense_variant","MODERATE","AMACR","ENSG00000242110","Transcript","ENST00000426255","protein_coding","4/5",NA,NA,NA,"677","612","204","W/C","tgG/tgT",NA,NA,"-1",NA,"HGNC","HGNC:451","deleterious(0)","probably_damaging(1)",NA,NA,NA,NA,NA,NA,NA,NA,NA
"94","5",33998768,33998768,1,"*","A","missense_variant","MODERATE","AMACR","ENSG00000242110","Transcript","ENST00000502637","protein_coding","4/5",NA,NA,NA,"652","567","189","W/C","tgG/tgT",NA,NA,"-1",NA,"HGNC","HGNC:451","deleterious(0)","probably_damaging(0.999)",NA,NA,NA,NA,NA,NA,NA,NA,NA
"95","5",33998768,33998768,1,"*","A","stop_gained&NMD_transcript_variant","HIGH","AMACR","ENSG00000242110","Transcript","ENST00000506639","nonsense_mediated_decay","3/5",NA,NA,NA,"463","451","151","G/*","Gga/Tga",NA,NA,"-1",NA,"HGNC","HGNC:451",NA,NA,NA,NA,NA,NA,NA,NA,NA,NA,NA
"96","5",33998768,33998768,1,"*","A","missense_variant","MODERATE","AMACR","ENSG00000242110","Transcript","ENST00000512079","protein_coding","4/5",NA,NA,NA,"621","612","204","W/C","tgG/tgT",NA,NA,"-1",NA,"HGNC","HGNC:451","deleterious(0)","probably_damaging(1)",NA,NA,NA,NA,NA,NA,NA,NA,NA
"97","5",33998768,33998768,1,"*","A","non_coding_transcript_exon_variant","MODIFIER","AMACR","ENSG00000242110","Transcript","ENST00000514195","processed_transcript","3/5",NA,NA,NA,"463",NA,NA,NA,NA,NA,NA,"-1",NA,"HGNC","HGNC:451",NA,NA,NA,NA,NA,NA,NA,NA,NA,NA,NA
"98","5",33998883,33998883,1,"*","G","intron_variant","MODIFIER","AMACR","ENSG00000242110","Transcript","ENST00000335606","protein_coding",NA,"3/4",NA,NA,NA,NA,NA,NA,NA,NA,NA,"-1",NA,"HGNC","HGNC:451",NA,NA,NA,NA,NA,NA,NA,NA,NA,NA,NA
"99","5",33998883,33998883,1,"*","G","intron_variant","MODIFIER","AMACR","ENSG00000242110","Transcript","ENST00000382068","protein_coding",NA,"2/3",NA,NA,NA,NA,NA,NA,NA,NA,NA,"-1",NA,"HGNC","HGNC:451",NA,NA,NA,NA,NA,NA,NA,NA,NA,NA,NA
"100","5",33998883,33998883,1,"*","G","intron_variant","MODIFIER","AMACR","ENSG00000242110","Transcript","ENST00000382072","protein_coding",NA,"2/3",NA,NA,NA,NA,NA,NA,NA,NA,NA,"-1",NA,"HGNC","HGNC:451",NA,NA,NA,NA,NA,NA,NA,NA,NA,NA,NA
"101","5",33998883,33998883,1,"*","G","intron_variant&NMD_transcript_variant","MODIFIER","C1QTNF3-AMACR","ENSG00000273294","Transcript","ENST00000382079","nonsense_mediated_decay",NA,"7/8",NA,NA,NA,NA,NA,NA,NA,NA,NA,"-1",NA,"HGNC","HGNC:49198",NA,NA,NA,NA,NA,NA,NA,NA,NA,NA,NA
"102","5",33998883,33998883,1,"*","G","intron_variant","MODIFIER","AMACR","ENSG00000242110","Transcript","ENST00000382085","protein_coding",NA,"3/5",NA,NA,NA,NA,NA,NA,NA,NA,NA,"-1",NA,"HGNC","HGNC:451",NA,NA,NA,NA,NA,NA,NA,NA,NA,NA,NA
"103","5",33998883,33998883,1,"*","G","intron_variant","MODIFIER","AMACR","ENSG00000242110","Transcript","ENST00000426255","protein_coding",NA,"3/4",NA,NA,NA,NA,NA,NA,NA,NA,NA,"-1",NA,"HGNC","HGNC:451",NA,NA,NA,NA,NA,NA,NA,NA,NA,NA,NA
"104","5",33998883,33998883,1,"*","G","intron_variant","MODIFIER","AMACR","ENSG00000242110","Transcript","ENST00000502637","protein_coding",NA,"3/4",NA,NA,NA,NA,NA,NA,NA,NA,NA,"-1",NA,"HGNC","HGNC:451",NA,NA,NA,NA,NA,NA,NA,NA,NA,NA,NA
"105","5",33998883,33998883,1,"*","G","intron_variant&NMD_transcript_variant","MODIFIER","AMACR","ENSG00000242110","Transcript","ENST00000506639","nonsense_mediated_decay",NA,"2/4",NA,NA,NA,NA,NA,NA,NA,NA,NA,"-1",NA,"HGNC","HGNC:451",NA,NA,NA,NA,NA,NA,NA,NA,NA,NA,NA
"106","5",33998883,33998883,1,"*","G","intron_variant","MODIFIER","AMACR","ENSG00000242110","Transcript","ENST00000512079","protein_coding",NA,"3/4",NA,NA,NA,NA,NA,NA,NA,NA,NA,"-1",NA,"HGNC","HGNC:451",NA,NA,NA,NA,NA,NA,NA,NA,NA,NA,NA
"107","5",33998883,33998883,1,"*","G","intron_variant&non_coding_transcript_variant","MODIFIER","AMACR","ENSG00000242110","Transcript","ENST00000514195","processed_transcript",NA,"2/4",NA,NA,NA,NA,NA,NA,NA,NA,NA,"-1",NA,"HGNC","HGNC:451",NA,NA,NA,NA,NA,NA,NA,NA,NA,NA,NA
"108","5",34004707,34004707,1,"*","T","missense_variant","MODERATE","AMACR","ENSG00000242110","Transcript","ENST00000335606","protein_coding","3/5",NA,NA,NA,"450","419","140","G/D","gGt/gAt","COSV59460111",NA,"-1",NA,"HGNC","HGNC:451","tolerated(0.3)","benign(0.007)",NA,"1","1",NA,NA,NA,NA,NA,NA
"109","5",34004707,34004707,1,"*","T","intron_variant","MODIFIER","AMACR","ENSG00000242110","Transcript","ENST00000382068","protein_coding",NA,"2/3",NA,NA,NA,NA,NA,NA,NA,"COSV59460111",NA,"-1",NA,"HGNC","HGNC:451",NA,NA,NA,"1","1",NA,NA,NA,NA,NA,NA
"110","5",34004707,34004707,1,"*","T","intron_variant","MODIFIER","AMACR","ENSG00000242110","Transcript","ENST00000382072","protein_coding",NA,"2/3",NA,NA,NA,NA,NA,NA,NA,"COSV59460111",NA,"-1",NA,"HGNC","HGNC:451",NA,NA,NA,"1","1",NA,NA,NA,NA,NA,NA
"111","5",34004707,34004707,1,"*","T","intron_variant&NMD_transcript_variant","MODIFIER","C1QTNF3-AMACR","ENSG00000273294","Transcript","ENST00000382079","nonsense_mediated_decay",NA,"7/8",NA,NA,NA,NA,NA,NA,NA,"COSV59460111",NA,"-1",NA,"HGNC","HGNC:49198",NA,NA,NA,"1","1",NA,NA,NA,NA,NA,NA
"112","5",34004707,34004707,1,"*","T","missense_variant","MODERATE","AMACR","ENSG00000242110","Transcript","ENST00000382085","protein_coding","3/6",NA,NA,NA,"428","419","140","G/D","gGt/gAt","COSV59460111",NA,"-1",NA,"HGNC","HGNC:451","tolerated(0.29)","benign(0.005)",NA,"1","1",NA,NA,NA,NA,NA,NA
"113","5",34004707,34004707,1,"*","T","missense_variant","MODERATE","AMACR","ENSG00000242110","Transcript","ENST00000426255","protein_coding","3/5",NA,NA,NA,"484","419","140","G/D","gGt/gAt","COSV59460111",NA,"-1",NA,"HGNC","HGNC:451","tolerated(0.17)","benign(0.065)",NA,"1","1",NA,NA,NA,NA,NA,NA
"114","5",34004707,34004707,1,"*","T","missense_variant","MODERATE","AMACR","ENSG00000242110","Transcript","ENST00000502637","protein_coding","3/5",NA,NA,NA,"504","419","140","G/D","gGt/gAt","COSV59460111",NA,"-1",NA,"HGNC","HGNC:451","tolerated(0.3)","benign(0.007)",NA,"1","1",NA,NA,NA,NA,NA,NA
"115","5",34004707,34004707,1,"*","T","intron_variant&NMD_transcript_variant","MODIFIER","AMACR","ENSG00000242110","Transcript","ENST00000506639","nonsense_mediated_decay",NA,"2/4",NA,NA,NA,NA,NA,NA,NA,"COSV59460111",NA,"-1",NA,"HGNC","HGNC:451",NA,NA,NA,"1","1",NA,NA,NA,NA,NA,NA
"116","5",34004707,34004707,1,"*","T","missense_variant","MODERATE","AMACR","ENSG00000242110","Transcript","ENST00000512079","protein_coding","3/5",NA,NA,NA,"428","419","140","G/D","gGt/gAt","COSV59460111",NA,"-1",NA,"HGNC","HGNC:451","tolerated(0.2)","benign(0.072)",NA,"1","1",NA,NA,NA,NA,NA,NA
"117","5",34004707,34004707,1,"*","T","intron_variant&non_coding_transcript_variant","MODIFIER","AMACR","ENSG00000242110","Transcript","ENST00000514195","processed_transcript",NA,"2/4",NA,NA,NA,NA,NA,NA,NA,"COSV59460111",NA,"-1",NA,"HGNC","HGNC:451",NA,NA,NA,"1","1",NA,NA,NA,NA,NA,NA
"118","6",159672455,159672455,1,"*","T","3_prime_UTR_variant","MODIFIER","SOD2","ENSG00000112096","Transcript","ENST00000538183","protein_coding","5/5",NA,NA,NA,"10781",NA,NA,NA,NA,NA,NA,"-1",NA,"HGNC","HGNC:11180",NA,NA,NA,NA,NA,NA,NA,NA,NA,NA,NA
"119","7",99757612,99757612,1,"*","A","downstream_gene_variant","MODIFIER","CYP3A4","ENSG00000160868","Transcript","ENST00000336411","protein_coding",NA,NA,NA,NA,NA,NA,NA,NA,NA,NA,"64","-1",NA,"HGNC","HGNC:2637",NA,NA,NA,NA,NA,NA,NA,NA,NA,NA,NA
"120","7",99757612,99757612,1,"*","A","3_prime_UTR_variant","MODIFIER","CYP3A4","ENSG00000160868","Transcript","ENST00000354593","protein_coding","8/8",NA,NA,NA,"1690",NA,NA,NA,NA,NA,NA,"-1",NA,"HGNC","HGNC:2637",NA,NA,NA,NA,NA,NA,NA,NA,NA,NA,NA
"121","7",99757612,99757612,1,"*","A","downstream_gene_variant","MODIFIER","CYP3A4","ENSG00000160868","Transcript","ENST00000651162","processed_transcript",NA,NA,NA,NA,NA,NA,NA,NA,NA,NA,"67","-1",NA,"HGNC","HGNC:2637",NA,NA,NA,NA,NA,NA,NA,NA,NA,NA,NA
"122","7",99757612,99757612,1,"*","A","3_prime_UTR_variant","MODIFIER","CYP3A4","ENSG00000160868","Transcript","ENST00000651514","protein_coding","13/13",NA,NA,NA,"2136",NA,NA,NA,NA,NA,NA,"-1",NA,"HGNC","HGNC:2637",NA,NA,NA,NA,NA,NA,NA,NA,NA,NA,NA
"123","7",99757612,99757612,1,"*","A","downstream_gene_variant","MODIFIER","CYP3A4","ENSG00000160868","Transcript","ENST00000651783","protein_coding",NA,NA,NA,NA,NA,NA,NA,NA,NA,NA,"521","-1",NA,"HGNC","HGNC:2637",NA,NA,NA,NA,NA,NA,NA,NA,NA,NA,NA
"124","7",99757612,99757612,1,"*","A","downstream_gene_variant","MODIFIER","CYP3A4","ENSG00000160868","Transcript","ENST00000652018","protein_coding",NA,NA,NA,NA,NA,NA,NA,NA,NA,NA,"71","-1",NA,"HGNC","HGNC:2637",NA,NA,NA,NA,NA,NA,NA,NA,NA,NA,NA
"125","7",99758136,99758136,1,"*","G","synonymous_variant","LOW","CYP3A4","ENSG00000160868","Transcript","ENST00000336411","protein_coding","14/14",NA,NA,NA,"1705","1602","534","A","gcA/gcC",NA,NA,"-1",NA,"HGNC","HGNC:2637",NA,NA,NA,NA,NA,NA,NA,NA,NA,NA,NA
"126","7",99758136,99758136,1,"*","G","synonymous_variant","LOW","CYP3A4","ENSG00000160868","Transcript","ENST00000354593","protein_coding","8/8",NA,NA,NA,"1166","1059","353","A","gcA/gcC",NA,NA,"-1",NA,"HGNC","HGNC:2637",NA,NA,NA,NA,NA,NA,NA,NA,NA,NA,NA
"127","7",99758136,99758136,1,"*","G","non_coding_transcript_exon_variant","MODIFIER","CYP3A4","ENSG00000160868","Transcript","ENST00000651162","processed_transcript","7/7",NA,NA,NA,"944",NA,NA,NA,NA,NA,NA,"-1",NA,"HGNC","HGNC:2637",NA,NA,NA,NA,NA,NA,NA,NA,NA,NA,NA
"128","7",99758136,99758136,1,"*","G","synonymous_variant","LOW","CYP3A4","ENSG00000160868","Transcript","ENST00000651514","protein_coding","13/13",NA,NA,NA,"1612","1509","503","A","gcA/gcC",NA,NA,"-1",NA,"HGNC","HGNC:2637",NA,NA,NA,NA,NA,NA,NA,NA,NA,NA,NA
"129","7",99758136,99758136,1,"*","G","synonymous_variant","LOW","CYP3A4","ENSG00000160868","Transcript","ENST00000651783","protein_coding","8/8",NA,NA,NA,"1050","1050","350","A","gcA/gcC",NA,NA,"-1",NA,"HGNC","HGNC:2637",NA,NA,NA,NA,NA,NA,NA,NA,NA,NA,NA
"130","7",99758136,99758136,1,"*","G","synonymous_variant","LOW","CYP3A4","ENSG00000160868","Transcript","ENST00000652018","protein_coding","11/11",NA,NA,NA,"1529","1362","454","A","gcA/gcC",NA,NA,"-1",NA,"HGNC","HGNC:2637",NA,NA,NA,NA,NA,NA,NA,NA,NA,NA,NA
"131","7",99772298,99772298,1,"*","C","intron_variant","MODIFIER","CYP3A4","ENSG00000160868","Transcript","ENST00000336411","protein_coding",NA,"4/13",NA,NA,NA,NA,NA,NA,NA,NA,NA,"-1",NA,"HGNC","HGNC:2637",NA,NA,NA,NA,NA,NA,NA,NA,NA,NA,NA
"132","7",99772298,99772298,1,"*","C","intron_variant","MODIFIER","CYP3A4","ENSG00000160868","Transcript","ENST00000354593","protein_coding",NA,"1/7",NA,NA,NA,NA,NA,NA,NA,NA,NA,"-1",NA,"HGNC","HGNC:2637",NA,NA,NA,NA,NA,NA,NA,NA,NA,NA,NA
"133","7",99772298,99772298,1,"*","C","intron_variant","MODIFIER","CYP3A4","ENSG00000160868","Transcript","ENST00000415003","protein_coding",NA,"4/4",NA,NA,NA,NA,NA,NA,NA,NA,NA,"-1","cds_end_NF","HGNC","HGNC:2637",NA,NA,NA,NA,NA,NA,NA,NA,NA,NA,NA
"134","7",99772298,99772298,1,"*","C","intron_variant&non_coding_transcript_variant","MODIFIER","CYP3A4","ENSG00000160868","Transcript","ENST00000480043","retained_intron",NA,"3/4",NA,NA,NA,NA,NA,NA,NA,NA,NA,"-1",NA,"HGNC","HGNC:2637",NA,NA,NA,NA,NA,NA,NA,NA,NA,NA,NA
"135","7",99772298,99772298,1,"*","C","upstream_gene_variant","MODIFIER","CYP3A4","ENSG00000160868","Transcript","ENST00000651162","processed_transcript",NA,NA,NA,NA,NA,NA,NA,NA,NA,NA,"4476","-1",NA,"HGNC","HGNC:2637",NA,NA,NA,NA,NA,NA,NA,NA,NA,NA,NA
"136","7",99772298,99772298,1,"*","C","intron_variant","MODIFIER","CYP3A4","ENSG00000160868","Transcript","ENST00000651514","protein_coding",NA,"4/12",NA,NA,NA,NA,NA,NA,NA,NA,NA,"-1",NA,"HGNC","HGNC:2637",NA,NA,NA,NA,NA,NA,NA,NA,NA,NA,NA
"137","7",99772298,99772298,1,"*","C","intron_variant","MODIFIER","CYP3A4","ENSG00000160868","Transcript","ENST00000651783","protein_coding",NA,"1/7",NA,NA,NA,NA,NA,NA,NA,NA,NA,"-1",NA,"HGNC","HGNC:2637",NA,NA,NA,NA,NA,NA,NA,NA,NA,NA,NA
"138","7",99772298,99772298,1,"*","C","intron_variant","MODIFIER","CYP3A4","ENSG00000160868","Transcript","ENST00000652018","protein_coding",NA,"2/10",NA,NA,NA,NA,NA,NA,NA,NA,NA,"-1",NA,"HGNC","HGNC:2637",NA,NA,NA,NA,NA,NA,NA,NA,NA,NA,NA
"139","7",99778227,99778227,1,"*","T","intron_variant","MODIFIER","CYP3A4","ENSG00000160868","Transcript","ENST00000336411","protein_coding",NA,"2/13",NA,NA,NA,NA,NA,NA,NA,NA,NA,"-1",NA,"HGNC","HGNC:2637",NA,NA,NA,NA,NA,NA,NA,NA,NA,NA,NA
"140","7",99778227,99778227,1,"*","T","intron_variant","MODIFIER","CYP3A4","ENSG00000160868","Transcript","ENST00000354593","protein_coding",NA,"1/7",NA,NA,NA,NA,NA,NA,NA,NA,NA,"-1",NA,"HGNC","HGNC:2637",NA,NA,NA,NA,NA,NA,NA,NA,NA,NA,NA
"141","7",99778227,99778227,1,"*","T","intron_variant","MODIFIER","CYP3A4","ENSG00000160868","Transcript","ENST00000415003","protein_coding",NA,"2/4",NA,NA,NA,NA,NA,NA,NA,NA,NA,"-1","cds_end_NF","HGNC","HGNC:2637",NA,NA,NA,NA,NA,NA,NA,NA,NA,NA,NA
"142","7",99778227,99778227,1,"*","T","intron_variant&non_coding_transcript_variant","MODIFIER","CYP3A4","ENSG00000160868","Transcript","ENST00000480043","retained_intron",NA,"1/4",NA,NA,NA,NA,NA,NA,NA,NA,NA,"-1",NA,"HGNC","HGNC:2637",NA,NA,NA,NA,NA,NA,NA,NA,NA,NA,NA
"143","7",99778227,99778227,1,"*","T","intron_variant","MODIFIER","CYP3A4","ENSG00000160868","Transcript","ENST00000651514","protein_coding",NA,"2/12",NA,NA,NA,NA,NA,NA,NA,NA,NA,"-1",NA,"HGNC","HGNC:2637",NA,NA,NA,NA,NA,NA,NA,NA,NA,NA,NA
"144","7",99778227,99778227,1,"*","T","intron_variant","MODIFIER","CYP3A4","ENSG00000160868","Transcript","ENST00000651783","protein_coding",NA,"1/7",NA,NA,NA,NA,NA,NA,NA,NA,NA,"-1",NA,"HGNC","HGNC:2637",NA,NA,NA,NA,NA,NA,NA,NA,NA,NA,NA
"145","7",99778227,99778227,1,"*","T","intron_variant","MODIFIER","CYP3A4","ENSG00000160868","Transcript","ENST00000652018","protein_coding",NA,"1/10",NA,NA,NA,NA,NA,NA,NA,NA,NA,"-1",NA,"HGNC","HGNC:2637",NA,NA,NA,NA,NA,NA,NA,NA,NA,NA,NA
"146","7",99778285,99778285,1,"*","C","intron_variant","MODIFIER","CYP3A4","ENSG00000160868","Transcript","ENST00000336411","protein_coding",NA,"2/13",NA,NA,NA,NA,NA,NA,NA,NA,NA,"-1",NA,"HGNC","HGNC:2637",NA,NA,NA,NA,NA,NA,NA,NA,NA,NA,NA
"147","7",99778285,99778285,1,"*","C","intron_variant","MODIFIER","CYP3A4","ENSG00000160868","Transcript","ENST00000354593","protein_coding",NA,"1/7",NA,NA,NA,NA,NA,NA,NA,NA,NA,"-1",NA,"HGNC","HGNC:2637",NA,NA,NA,NA,NA,NA,NA,NA,NA,NA,NA
"148","7",99778285,99778285,1,"*","C","intron_variant","MODIFIER","CYP3A4","ENSG00000160868","Transcript","ENST00000415003","protein_coding",NA,"2/4",NA,NA,NA,NA,NA,NA,NA,NA,NA,"-1","cds_end_NF","HGNC","HGNC:2637",NA,NA,NA,NA,NA,NA,NA,NA,NA,NA,NA
"149","7",99778285,99778285,1,"*","C","intron_variant&non_coding_transcript_variant","MODIFIER","CYP3A4","ENSG00000160868","Transcript","ENST00000480043","retained_intron",NA,"1/4",NA,NA,NA,NA,NA,NA,NA,NA,NA,"-1",NA,"HGNC","HGNC:2637",NA,NA,NA,NA,NA,NA,NA,NA,NA,NA,NA
"150","7",99778285,99778285,1,"*","C","intron_variant","MODIFIER","CYP3A4","ENSG00000160868","Transcript","ENST00000651514","protein_coding",NA,"2/12",NA,NA,NA,NA,NA,NA,NA,NA,NA,"-1",NA,"HGNC","HGNC:2637",NA,NA,NA,NA,NA,NA,NA,NA,NA,NA,NA
"151","7",99778285,99778285,1,"*","C","intron_variant","MODIFIER","CYP3A4","ENSG00000160868","Transcript","ENST00000651783","protein_coding",NA,"1/7",NA,NA,NA,NA,NA,NA,NA,NA,NA,"-1",NA,"HGNC","HGNC:2637",NA,NA,NA,NA,NA,NA,NA,NA,NA,NA,NA
"152","7",99778285,99778285,1,"*","C","intron_variant","MODIFIER","CYP3A4","ENSG00000160868","Transcript","ENST00000652018","protein_coding",NA,"1/10",NA,NA,NA,NA,NA,NA,NA,NA,NA,"-1",NA,"HGNC","HGNC:2637",NA,NA,NA,NA,NA,NA,NA,NA,NA,NA,NA
"153","10",97023630,97023630,1,"*","C","intron_variant","MODIFIER","SLIT1","ENSG00000187122","Transcript","ENST00000266058","protein_coding",NA,"25/36",NA,NA,NA,NA,NA,NA,NA,NA,NA,"-1",NA,"HGNC","HGNC:11085",NA,NA,NA,NA,NA,NA,NA,NA,NA,NA,NA
"154","10",97023630,97023630,1,"*","C","intron_variant","MODIFIER","SLIT1","ENSG00000187122","Transcript","ENST00000371070","protein_coding",NA,"25/36",NA,NA,NA,NA,NA,NA,NA,NA,NA,"-1",NA,"HGNC","HGNC:11085",NA,NA,NA,NA,NA,NA,NA,NA,NA,NA,NA
"155","10",97096357,97096357,1,"*","T","intron_variant","MODIFIER","SLIT1","ENSG00000187122","Transcript","ENST00000266058","protein_coding",NA,"4/36",NA,NA,NA,NA,NA,NA,NA,NA,NA,"-1",NA,"HGNC","HGNC:11085",NA,NA,NA,NA,NA,NA,NA,NA,NA,NA,NA
"156","10",97096357,97096357,1,"*","T","intron_variant","MODIFIER","SLIT1","ENSG00000187122","Transcript","ENST00000314867","protein_coding",NA,"4/21",NA,NA,NA,NA,NA,NA,NA,NA,NA,"-1","cds_start_NF&cds_end_NF","HGNC","HGNC:11085",NA,NA,NA,NA,NA,NA,NA,NA,NA,NA,NA
"157","10",97096357,97096357,1,"*","T","intron_variant","MODIFIER","SLIT1","ENSG00000187122","Transcript","ENST00000371041","protein_coding",NA,"4/11",NA,NA,NA,NA,NA,NA,NA,NA,NA,"-1",NA,"HGNC","HGNC:11085",NA,NA,NA,NA,NA,NA,NA,NA,NA,NA,NA
"158","10",97096357,97096357,1,"*","T","intron_variant","MODIFIER","SLIT1","ENSG00000187122","Transcript","ENST00000371070","protein_coding",NA,"4/36",NA,NA,NA,NA,NA,NA,NA,NA,NA,"-1",NA,"HGNC","HGNC:11085",NA,NA,NA,NA,NA,NA,NA,NA,NA,NA,NA
"159","10",97096357,97096357,1,"*","T","intron_variant&non_coding_transcript_variant","MODIFIER","SLIT1","ENSG00000187122","Transcript","ENST00000497714","processed_transcript",NA,"4/5",NA,NA,NA,NA,NA,NA,NA,NA,NA,"-1",NA,"HGNC","HGNC:11085",NA,NA,NA,NA,NA,NA,NA,NA,NA,NA,NA
"160","10",97137105,97137105,1,"*","G","intron_variant","MODIFIER","SLIT1","ENSG00000187122","Transcript","ENST00000266058","protein_coding",NA,"4/36",NA,NA,NA,NA,NA,NA,NA,NA,NA,"-1",NA,"HGNC","HGNC:11085",NA,NA,NA,NA,NA,NA,NA,NA,NA,NA,NA
"161","10",97137105,97137105,1,"*","G","intron_variant","MODIFIER","SLIT1","ENSG00000187122","Transcript","ENST00000314867","protein_coding",NA,"4/21",NA,NA,NA,NA,NA,NA,NA,NA,NA,"-1","cds_start_NF&cds_end_NF","HGNC","HGNC:11085",NA,NA,NA,NA,NA,NA,NA,NA,NA,NA,NA
"162","10",97137105,97137105,1,"*","G","intron_variant","MODIFIER","SLIT1","ENSG00000187122","Transcript","ENST00000371041","protein_coding",NA,"4/11",NA,NA,NA,NA,NA,NA,NA,NA,NA,"-1",NA,"HGNC","HGNC:11085",NA,NA,NA,NA,NA,NA,NA,NA,NA,NA,NA
"163","10",97137105,97137105,1,"*","G","intron_variant","MODIFIER","SLIT1","ENSG00000187122","Transcript","ENST00000371070","protein_coding",NA,"4/36",NA,NA,NA,NA,NA,NA,NA,NA,NA,"-1",NA,"HGNC","HGNC:11085",NA,NA,NA,NA,NA,NA,NA,NA,NA,NA,NA
"164","10",97141523,97141523,1,"*","A","intron_variant","MODIFIER","SLIT1","ENSG00000187122","Transcript","ENST00000266058","protein_coding",NA,"4/36",NA,NA,NA,NA,NA,NA,NA,NA,NA,"-1",NA,"HGNC","HGNC:11085",NA,NA,NA,NA,NA,NA,NA,NA,NA,NA,NA
"165","10",97141523,97141523,1,"*","A","intron_variant","MODIFIER","SLIT1","ENSG00000187122","Transcript","ENST00000314867","protein_coding",NA,"4/21",NA,NA,NA,NA,NA,NA,NA,NA,NA,"-1","cds_start_NF&cds_end_NF","HGNC","HGNC:11085",NA,NA,NA,NA,NA,NA,NA,NA,NA,NA,NA
"166","10",97141523,97141523,1,"*","A","intron_variant","MODIFIER","SLIT1","ENSG00000187122","Transcript","ENST00000371041","protein_coding",NA,"4/11",NA,NA,NA,NA,NA,NA,NA,NA,NA,"-1",NA,"HGNC","HGNC:11085",NA,NA,NA,NA,NA,NA,NA,NA,NA,NA,NA
"167","10",97141523,97141523,1,"*","A","intron_variant","MODIFIER","SLIT1","ENSG00000187122","Transcript","ENST00000371070","protein_coding",NA,"4/36",NA,NA,NA,NA,NA,NA,NA,NA,NA,"-1",NA,"HGNC","HGNC:11085",NA,NA,NA,NA,NA,NA,NA,NA,NA,NA,NA
"168","10",97919550,97919550,1,"*","G","intron_variant","MODIFIER","CRTAC1","ENSG00000095713","Transcript","ENST00000309155","protein_coding",NA,"3/13",NA,NA,NA,NA,NA,NA,NA,NA,NA,"-1",NA,"HGNC","HGNC:14882",NA,NA,NA,NA,NA,NA,NA,NA,NA,NA,NA
"169","10",97919550,97919550,1,"*","G","intron_variant","MODIFIER","CRTAC1","ENSG00000095713","Transcript","ENST00000370591","protein_coding",NA,"4/14",NA,NA,NA,NA,NA,NA,NA,NA,NA,"-1",NA,"HGNC","HGNC:14882",NA,NA,NA,NA,NA,NA,NA,NA,NA,NA,NA
"170","10",97919550,97919550,1,"*","G","intron_variant","MODIFIER","CRTAC1","ENSG00000095713","Transcript","ENST00000370597","protein_coding",NA,"4/14",NA,NA,NA,NA,NA,NA,NA,NA,NA,"-1",NA,"HGNC","HGNC:14882",NA,NA,NA,NA,NA,NA,NA,NA,NA,NA,NA
"171","10",97919550,97919550,1,"*","G","intron_variant","MODIFIER","CRTAC1","ENSG00000095713","Transcript","ENST00000413387","protein_coding",NA,"2/11",NA,NA,NA,NA,NA,NA,NA,NA,NA,"-1","cds_start_NF","HGNC","HGNC:14882",NA,NA,NA,NA,NA,NA,NA,NA,NA,NA,NA
"172","13",25367301,25367301,1,"*","T","upstream_gene_variant","MODIFIER","ATP8A2","ENSG00000132932","Transcript","ENST00000281620","nonsense_mediated_decay",NA,NA,NA,NA,NA,NA,NA,NA,NA,NA,"4912","1",NA,"HGNC","HGNC:13533",NA,NA,NA,NA,NA,NA,NA,NA,NA,NA,NA
"173","13",25367301,25367301,1,"*","T","upstream_gene_variant","MODIFIER","ATP8A2","ENSG00000132932","Transcript","ENST00000381655","protein_coding",NA,NA,NA,NA,NA,NA,NA,NA,NA,NA,"4673","1",NA,"HGNC","HGNC:13533",NA,NA,NA,NA,NA,NA,NA,NA,NA,NA,NA
"174","13",25367301,25367301,1,"*","T","upstream_gene_variant","MODIFIER","ATP8A2","ENSG00000132932","Transcript","ENST00000682472","protein_coding",NA,NA,NA,NA,NA,NA,NA,NA,NA,NA,"4912","1",NA,"HGNC","HGNC:13533",NA,NA,NA,NA,NA,NA,NA,NA,NA,NA,NA
"175","13",25367301,25367301,1,"*","T","upstream_gene_variant","MODIFIER","ATP8A2","ENSG00000132932","Transcript","ENST00000682943","nonsense_mediated_decay",NA,NA,NA,NA,NA,NA,NA,NA,NA,NA,"4756","1",NA,"HGNC","HGNC:13533",NA,NA,NA,NA,NA,NA,NA,NA,NA,NA,NA
"176","13",25367301,25367301,1,"*","T","upstream_gene_variant","MODIFIER","ATP8A2","ENSG00000132932","Transcript","ENST00000683303","nonsense_mediated_decay",NA,NA,NA,NA,NA,NA,NA,NA,NA,NA,"4912","1",NA,"HGNC","HGNC:13533",NA,NA,NA,NA,NA,NA,NA,NA,NA,NA,NA
"177","13",25367301,25367301,1,"*","T","upstream_gene_variant","MODIFIER","ATP8A2","ENSG00000132932","Transcript","ENST00000683960","nonsense_mediated_decay",NA,NA,NA,NA,NA,NA,NA,NA,NA,NA,"4771","1",NA,"HGNC","HGNC:13533",NA,NA,NA,NA,NA,NA,NA,NA,NA,NA,NA
"178","13",25367301,25367301,1,"*","T","upstream_gene_variant","MODIFIER","ATP8A2","ENSG00000132932","Transcript","ENST00000684283","nonsense_mediated_decay",NA,NA,NA,NA,NA,NA,NA,NA,NA,NA,"4748","1",NA,"HGNC","HGNC:13533",NA,NA,NA,NA,NA,NA,NA,NA,NA,NA,NA
"179","13",25419176,25419176,1,"*","G","intron_variant&NMD_transcript_variant","MODIFIER","ATP8A2","ENSG00000132932","Transcript","ENST00000281620","nonsense_mediated_decay",NA,"1/37",NA,NA,NA,NA,NA,NA,NA,NA,NA,"1",NA,"HGNC","HGNC:13533",NA,NA,NA,NA,NA,NA,NA,NA,NA,NA,NA
"180","13",25419176,25419176,1,"*","G","intron_variant","MODIFIER","ATP8A2","ENSG00000132932","Transcript","ENST00000381655","protein_coding",NA,"1/36",NA,NA,NA,NA,NA,NA,NA,NA,NA,"1",NA,"HGNC","HGNC:13533",NA,NA,NA,NA,NA,NA,NA,NA,NA,NA,NA
"181","13",25419176,25419176,1,"*","G","intron_variant","MODIFIER","ATP8A2","ENSG00000132932","Transcript","ENST00000682472","protein_coding",NA,"1/35",NA,NA,NA,NA,NA,NA,NA,NA,NA,"1",NA,"HGNC","HGNC:13533",NA,NA,NA,NA,NA,NA,NA,NA,NA,NA,NA
"182","13",25419176,25419176,1,"*","G","intron_variant&NMD_transcript_variant","MODIFIER","ATP8A2","ENSG00000132932","Transcript","ENST00000682943","nonsense_mediated_decay",NA,"1/31",NA,NA,NA,NA,NA,NA,NA,NA,NA,"1",NA,"HGNC","HGNC:13533",NA,NA,NA,NA,NA,NA,NA,NA,NA,NA,NA
"183","13",25419176,25419176,1,"*","G","intron_variant&NMD_transcript_variant","MODIFIER","ATP8A2","ENSG00000132932","Transcript","ENST00000683303","nonsense_mediated_decay",NA,"1/32",NA,NA,NA,NA,NA,NA,NA,NA,NA,"1",NA,"HGNC","HGNC:13533",NA,NA,NA,NA,NA,NA,NA,NA,NA,NA,NA
"184","13",25419176,25419176,1,"*","G","intron_variant&NMD_transcript_variant","MODIFIER","ATP8A2","ENSG00000132932","Transcript","ENST00000683960","nonsense_mediated_decay",NA,"1/37",NA,NA,NA,NA,NA,NA,NA,NA,NA,"1",NA,"HGNC","HGNC:13533",NA,NA,NA,NA,NA,NA,NA,NA,NA,NA,NA
"185","13",25419176,25419176,1,"*","G","intron_variant&NMD_transcript_variant","MODIFIER","ATP8A2","ENSG00000132932","Transcript","ENST00000684283","nonsense_mediated_decay",NA,"1/31",NA,NA,NA,NA,NA,NA,NA,NA,NA,"1",NA,"HGNC","HGNC:13533",NA,NA,NA,NA,NA,NA,NA,NA,NA,NA,NA
"186","13",25466955,25466955,1,"*","C","intron_variant&NMD_transcript_variant","MODIFIER","ATP8A2","ENSG00000132932","Transcript","ENST00000281620","nonsense_mediated_decay",NA,"1/37",NA,NA,NA,NA,NA,NA,NA,NA,NA,"1",NA,"HGNC","HGNC:13533",NA,NA,NA,NA,NA,NA,NA,NA,NA,NA,NA
"187","13",25466955,25466955,1,"*","C","upstream_gene_variant","MODIFIER","ATP8A2","ENSG00000132932","Transcript","ENST00000381648","processed_transcript",NA,NA,NA,NA,NA,NA,NA,NA,NA,NA,"2022","1",NA,"HGNC","HGNC:13533",NA,NA,NA,NA,NA,NA,NA,NA,NA,NA,NA
"188","13",25466955,25466955,1,"*","C","intron_variant","MODIFIER","ATP8A2","ENSG00000132932","Transcript","ENST00000381655","protein_coding",NA,"1/36",NA,NA,NA,NA,NA,NA,NA,NA,NA,"1",NA,"HGNC","HGNC:13533",NA,NA,NA,NA,NA,NA,NA,NA,NA,NA,NA
"189","13",25466955,25466955,1,"*","C","intron_variant","MODIFIER","ATP8A2","ENSG00000132932","Transcript","ENST00000682472","protein_coding",NA,"1/35",NA,NA,NA,NA,NA,NA,NA,NA,NA,"1",NA,"HGNC","HGNC:13533",NA,NA,NA,NA,NA,NA,NA,NA,NA,NA,NA
"190","13",25466955,25466955,1,"*","C","upstream_gene_variant","MODIFIER","ATP8A2","ENSG00000132932","Transcript","ENST00000682580","processed_transcript",NA,NA,NA,NA,NA,NA,NA,NA,NA,NA,"1858","1",NA,"HGNC","HGNC:13533",NA,NA,NA,NA,NA,NA,NA,NA,NA,NA,NA
"191","13",25466955,25466955,1,"*","C","intron_variant&NMD_transcript_variant","MODIFIER","ATP8A2","ENSG00000132932","Transcript","ENST00000682943","nonsense_mediated_decay",NA,"1/31",NA,NA,NA,NA,NA,NA,NA,NA,NA,"1",NA,"HGNC","HGNC:13533",NA,NA,NA,NA,NA,NA,NA,NA,NA,NA,NA
"192","13",25466955,25466955,1,"*","C","intron_variant&NMD_transcript_variant","MODIFIER","ATP8A2","ENSG00000132932","Transcript","ENST00000683303","nonsense_mediated_decay",NA,"1/32",NA,NA,NA,NA,NA,NA,NA,NA,NA,"1",NA,"HGNC","HGNC:13533",NA,NA,NA,NA,NA,NA,NA,NA,NA,NA,NA
"193","13",25466955,25466955,1,"*","C","intron_variant&NMD_transcript_variant","MODIFIER","ATP8A2","ENSG00000132932","Transcript","ENST00000683960","nonsense_mediated_decay",NA,"1/37",NA,NA,NA,NA,NA,NA,NA,NA,NA,"1",NA,"HGNC","HGNC:13533",NA,NA,NA,NA,NA,NA,NA,NA,NA,NA,NA
"194","13",25466955,25466955,1,"*","C","upstream_gene_variant","MODIFIER","ATP8A2","ENSG00000132932","Transcript","ENST00000684025","retained_intron",NA,NA,NA,NA,NA,NA,NA,NA,NA,NA,"1881","1",NA,"HGNC","HGNC:13533",NA,NA,NA,NA,NA,NA,NA,NA,NA,NA,NA
"195","13",25466955,25466955,1,"*","C","intron_variant&NMD_transcript_variant","MODIFIER","ATP8A2","ENSG00000132932","Transcript","ENST00000684283","nonsense_mediated_decay",NA,"1/31",NA,NA,NA,NA,NA,NA,NA,NA,NA,"1",NA,"HGNC","HGNC:13533",NA,NA,NA,NA,NA,NA,NA,NA,NA,NA,NA
"196","13",25466955,25466955,1,"*","C","upstream_gene_variant","MODIFIER","ATP8A2","ENSG00000132932","Transcript","ENST00000684424","protein_coding",NA,NA,NA,NA,NA,NA,NA,NA,NA,NA,"1883","1",NA,"HGNC","HGNC:13533",NA,NA,NA,NA,NA,NA,NA,NA,NA,NA,NA
"197","13",25670984,25670984,1,"*","T","intron_variant&NMD_transcript_variant","MODIFIER","ATP8A2","ENSG00000132932","Transcript","ENST00000281620","nonsense_mediated_decay",NA,"24/37",NA,NA,NA,NA,NA,NA,NA,NA,NA,"1",NA,"HGNC","HGNC:13533",NA,NA,NA,NA,NA,NA,NA,NA,NA,NA,NA
"198","13",25670984,25670984,1,"*","T","intron_variant","MODIFIER","ATP8A2","ENSG00000132932","Transcript","ENST00000381655","protein_coding",NA,"24/36",NA,NA,NA,NA,NA,NA,NA,NA,NA,"1",NA,"HGNC","HGNC:13533",NA,NA,NA,NA,NA,NA,NA,NA,NA,NA,NA
"199","13",25670984,25670984,1,"*","T","intron_variant&non_coding_transcript_variant","MODIFIER","ATP8A2","ENSG00000132932","Transcript","ENST00000491840","processed_transcript",NA,"10/19",NA,NA,NA,NA,NA,NA,NA,NA,NA,"1",NA,"HGNC","HGNC:13533",NA,NA,NA,NA,NA,NA,NA,NA,NA,NA,NA
"200","13",25670984,25670984,1,"*","T","intron_variant","MODIFIER","ATP8A2","ENSG00000132932","Transcript","ENST00000682472","protein_coding",NA,"24/35",NA,NA,NA,NA,NA,NA,NA,NA,NA,"1",NA,"HGNC","HGNC:13533",NA,NA,NA,NA,NA,NA,NA,NA,NA,NA,NA
"201","13",25670984,25670984,1,"*","T","intron_variant&non_coding_transcript_variant","MODIFIER","ATP8A2","ENSG00000132932","Transcript","ENST00000682942","processed_transcript",NA,"23/35",NA,NA,NA,NA,NA,NA,NA,NA,NA,"1",NA,"HGNC","HGNC:13533",NA,NA,NA,NA,NA,NA,NA,NA,NA,NA,NA
"202","13",25670984,25670984,1,"*","T","intron_variant&NMD_transcript_variant","MODIFIER","ATP8A2","ENSG00000132932","Transcript","ENST00000682943","nonsense_mediated_decay",NA,"22/31",NA,NA,NA,NA,NA,NA,NA,NA,NA,"1",NA,"HGNC","HGNC:13533",NA,NA,NA,NA,NA,NA,NA,NA,NA,NA,NA
"203","13",25670984,25670984,1,"*","T","intron_variant&NMD_transcript_variant","MODIFIER","ATP8A2","ENSG00000132932","Transcript","ENST00000683303","nonsense_mediated_decay",NA,"24/32",NA,NA,NA,NA,NA,NA,NA,NA,NA,"1",NA,"HGNC","HGNC:13533",NA,NA,NA,NA,NA,NA,NA,NA,NA,NA,NA
"204","13",25670984,25670984,1,"*","T","intron_variant&non_coding_transcript_variant","MODIFIER","ATP8A2","ENSG00000132932","Transcript","ENST00000683845","retained_intron",NA,"23/32",NA,NA,NA,NA,NA,NA,NA,NA,NA,"1",NA,"HGNC","HGNC:13533",NA,NA,NA,NA,NA,NA,NA,NA,NA,NA,NA
"205","13",25670984,25670984,1,"*","T","intron_variant&non_coding_transcript_variant","MODIFIER","ATP8A2","ENSG00000132932","Transcript","ENST00000683945","processed_transcript",NA,"23/35",NA,NA,NA,NA,NA,NA,NA,NA,NA,"1",NA,"HGNC","HGNC:13533",NA,NA,NA,NA,NA,NA,NA,NA,NA,NA,NA
"206","13",25670984,25670984,1,"*","T","intron_variant&NMD_transcript_variant","MODIFIER","ATP8A2","ENSG00000132932","Transcript","ENST00000683960","nonsense_mediated_decay",NA,"24/37",NA,NA,NA,NA,NA,NA,NA,NA,NA,"1",NA,"HGNC","HGNC:13533",NA,NA,NA,NA,NA,NA,NA,NA,NA,NA,NA
"207","13",25670984,25670984,1,"*","T","intron_variant&non_coding_transcript_variant","MODIFIER","ATP8A2","ENSG00000132932","Transcript","ENST00000684025","retained_intron",NA,"23/24",NA,NA,NA,NA,NA,NA,NA,NA,NA,"1",NA,"HGNC","HGNC:13533",NA,NA,NA,NA,NA,NA,NA,NA,NA,NA,NA
"208","13",25670984,25670984,1,"*","T","intron_variant&NMD_transcript_variant","MODIFIER","ATP8A2","ENSG00000132932","Transcript","ENST00000684283","nonsense_mediated_decay",NA,"24/31",NA,NA,NA,NA,NA,NA,NA,NA,NA,"1",NA,"HGNC","HGNC:13533",NA,NA,NA,NA,NA,NA,NA,NA,NA,NA,NA
"209","13",25670984,25670984,1,"*","T","intron_variant","MODIFIER","ATP8A2","ENSG00000132932","Transcript","ENST00000684424","protein_coding",NA,"23/35",NA,NA,NA,NA,NA,NA,NA,NA,NA,"1",NA,"HGNC","HGNC:13533",NA,NA,NA,NA,NA,NA,NA,NA,NA,NA,NA
"210","13",25743748,25743748,1,"*","G","intron_variant&NMD_transcript_variant","MODIFIER","ATP8A2","ENSG00000132932","Transcript","ENST00000281620","nonsense_mediated_decay",NA,"26/37",NA,NA,NA,NA,NA,NA,NA,NA,NA,"1",NA,"HGNC","HGNC:13533",NA,NA,NA,NA,NA,NA,NA,NA,NA,NA,NA
"211","13",25743748,25743748,1,"*","G","intron_variant","MODIFIER","ATP8A2","ENSG00000132932","Transcript","ENST00000381655","protein_coding",NA,"25/36",NA,NA,NA,NA,NA,NA,NA,NA,NA,"1",NA,"HGNC","HGNC:13533",NA,NA,NA,NA,NA,NA,NA,NA,NA,NA,NA
"212","13",25743748,25743748,1,"*","G","intron_variant&non_coding_transcript_variant","MODIFIER","ATP8A2","ENSG00000132932","Transcript","ENST00000491840","processed_transcript",NA,"11/19",NA,NA,NA,NA,NA,NA,NA,NA,NA,"1",NA,"HGNC","HGNC:13533",NA,NA,NA,NA,NA,NA,NA,NA,NA,NA,NA
"213","13",25743748,25743748,1,"*","G","intron_variant","MODIFIER","ATP8A2","ENSG00000132932","Transcript","ENST00000682472","protein_coding",NA,"25/35",NA,NA,NA,NA,NA,NA,NA,NA,NA,"1",NA,"HGNC","HGNC:13533",NA,NA,NA,NA,NA,NA,NA,NA,NA,NA,NA
"214","13",25743748,25743748,1,"*","G","intron_variant&non_coding_transcript_variant","MODIFIER","ATP8A2","ENSG00000132932","Transcript","ENST00000682942","processed_transcript",NA,"24/35",NA,NA,NA,NA,NA,NA,NA,NA,NA,"1",NA,"HGNC","HGNC:13533",NA,NA,NA,NA,NA,NA,NA,NA,NA,NA,NA
"215","13",25743748,25743748,1,"*","G","intron_variant&NMD_transcript_variant","MODIFIER","ATP8A2","ENSG00000132932","Transcript","ENST00000682943","nonsense_mediated_decay",NA,"23/31",NA,NA,NA,NA,NA,NA,NA,NA,NA,"1",NA,"HGNC","HGNC:13533",NA,NA,NA,NA,NA,NA,NA,NA,NA,NA,NA
"216","13",25743748,25743748,1,"*","G","intron_variant&NMD_transcript_variant","MODIFIER","ATP8A2","ENSG00000132932","Transcript","ENST00000683303","nonsense_mediated_decay",NA,"25/32",NA,NA,NA,NA,NA,NA,NA,NA,NA,"1",NA,"HGNC","HGNC:13533",NA,NA,NA,NA,NA,NA,NA,NA,NA,NA,NA
"217","13",25743748,25743748,1,"*","G","intron_variant&non_coding_transcript_variant","MODIFIER","ATP8A2","ENSG00000132932","Transcript","ENST00000683845","retained_intron",NA,"24/32",NA,NA,NA,NA,NA,NA,NA,NA,NA,"1",NA,"HGNC","HGNC:13533",NA,NA,NA,NA,NA,NA,NA,NA,NA,NA,NA
"218","13",25743748,25743748,1,"*","G","intron_variant&non_coding_transcript_variant","MODIFIER","ATP8A2","ENSG00000132932","Transcript","ENST00000683945","processed_transcript",NA,"24/35",NA,NA,NA,NA,NA,NA,NA,NA,NA,"1",NA,"HGNC","HGNC:13533",NA,NA,NA,NA,NA,NA,NA,NA,NA,NA,NA
"219","13",25743748,25743748,1,"*","G","intron_variant&NMD_transcript_variant","MODIFIER","ATP8A2","ENSG00000132932","Transcript","ENST00000683960","nonsense_mediated_decay",NA,"25/37",NA,NA,NA,NA,NA,NA,NA,NA,NA,"1",NA,"HGNC","HGNC:13533",NA,NA,NA,NA,NA,NA,NA,NA,NA,NA,NA
"220","13",25743748,25743748,1,"*","G","intron_variant&NMD_transcript_variant","MODIFIER","ATP8A2","ENSG00000132932","Transcript","ENST00000684283","nonsense_mediated_decay",NA,"25/31",NA,NA,NA,NA,NA,NA,NA,NA,NA,"1",NA,"HGNC","HGNC:13533",NA,NA,NA,NA,NA,NA,NA,NA,NA,NA,NA
"221","13",25743748,25743748,1,"*","G","intron_variant","MODIFIER","ATP8A2","ENSG00000132932","Transcript","ENST00000684424","protein_coding",NA,"24/35",NA,NA,NA,NA,NA,NA,NA,NA,NA,"1",NA,"HGNC","HGNC:13533",NA,NA,NA,NA,NA,NA,NA,NA,NA,NA,NA
"222","13",25825889,25825889,1,"*","C","intron_variant&NMD_transcript_variant","MODIFIER","ATP8A2","ENSG00000132932","Transcript","ENST00000281620","nonsense_mediated_decay",NA,"28/37",NA,NA,NA,NA,NA,NA,NA,NA,NA,"1",NA,"HGNC","HGNC:13533",NA,NA,NA,NA,NA,NA,NA,NA,NA,NA,NA
"223","13",25825889,25825889,1,"*","C","intron_variant","MODIFIER","ATP8A2","ENSG00000132932","Transcript","ENST00000381655","protein_coding",NA,"27/36",NA,NA,NA,NA,NA,NA,NA,NA,NA,"1",NA,"HGNC","HGNC:13533",NA,NA,NA,NA,NA,NA,NA,NA,NA,NA,NA
"224","13",25825889,25825889,1,"*","C","intron_variant&non_coding_transcript_variant","MODIFIER","ATP8A2","ENSG00000132932","Transcript","ENST00000491840","processed_transcript",NA,"13/19",NA,NA,NA,NA,NA,NA,NA,NA,NA,"1",NA,"HGNC","HGNC:13533",NA,NA,NA,NA,NA,NA,NA,NA,NA,NA,NA
"225","13",25825889,25825889,1,"*","C","intron_variant","MODIFIER","ATP8A2","ENSG00000132932","Transcript","ENST00000682472","protein_coding",NA,"27/35",NA,NA,NA,NA,NA,NA,NA,NA,NA,"1",NA,"HGNC","HGNC:13533",NA,NA,NA,NA,NA,NA,NA,NA,NA,NA,NA
"226","13",25825889,25825889,1,"*","C","intron_variant&non_coding_transcript_variant","MODIFIER","ATP8A2","ENSG00000132932","Transcript","ENST00000682942","processed_transcript",NA,"26/35",NA,NA,NA,NA,NA,NA,NA,NA,NA,"1",NA,"HGNC","HGNC:13533",NA,NA,NA,NA,NA,NA,NA,NA,NA,NA,NA
"227","13",25825889,25825889,1,"*","C","intron_variant&NMD_transcript_variant","MODIFIER","ATP8A2","ENSG00000132932","Transcript","ENST00000682943","nonsense_mediated_decay",NA,"25/31",NA,NA,NA,NA,NA,NA,NA,NA,NA,"1",NA,"HGNC","HGNC:13533",NA,NA,NA,NA,NA,NA,NA,NA,NA,NA,NA
"228","13",25825889,25825889,1,"*","C","intron_variant&NMD_transcript_variant","MODIFIER","ATP8A2","ENSG00000132932","Transcript","ENST00000683303","nonsense_mediated_decay",NA,"27/32",NA,NA,NA,NA,NA,NA,NA,NA,NA,"1",NA,"HGNC","HGNC:13533",NA,NA,NA,NA,NA,NA,NA,NA,NA,NA,NA
"229","13",25825889,25825889,1,"*","C","upstream_gene_variant","MODIFIER","ATP8A2","ENSG00000132932","Transcript","ENST00000683461","retained_intron",NA,NA,NA,NA,NA,NA,NA,NA,NA,NA,"2047","1",NA,"HGNC","HGNC:13533",NA,NA,NA,NA,NA,NA,NA,NA,NA,NA,NA
"230","13",25825889,25825889,1,"*","C","intron_variant&non_coding_transcript_variant","MODIFIER","ATP8A2","ENSG00000132932","Transcript","ENST00000683845","retained_intron",NA,"26/32",NA,NA,NA,NA,NA,NA,NA,NA,NA,"1",NA,"HGNC","HGNC:13533",NA,NA,NA,NA,NA,NA,NA,NA,NA,NA,NA
"231","13",25825889,25825889,1,"*","C","intron_variant&non_coding_transcript_variant","MODIFIER","ATP8A2","ENSG00000132932","Transcript","ENST00000683945","processed_transcript",NA,"26/35",NA,NA,NA,NA,NA,NA,NA,NA,NA,"1",NA,"HGNC","HGNC:13533",NA,NA,NA,NA,NA,NA,NA,NA,NA,NA,NA
"232","13",25825889,25825889,1,"*","C","intron_variant&NMD_transcript_variant","MODIFIER","ATP8A2","ENSG00000132932","Transcript","ENST00000683960","nonsense_mediated_decay",NA,"27/37",NA,NA,NA,NA,NA,NA,NA,NA,NA,"1",NA,"HGNC","HGNC:13533",NA,NA,NA,NA,NA,NA,NA,NA,NA,NA,NA
"233","13",25825889,25825889,1,"*","C","intron_variant&NMD_transcript_variant","MODIFIER","ATP8A2","ENSG00000132932","Transcript","ENST00000684283","nonsense_mediated_decay",NA,"27/31",NA,NA,NA,NA,NA,NA,NA,NA,NA,"1",NA,"HGNC","HGNC:13533",NA,NA,NA,NA,NA,NA,NA,NA,NA,NA,NA
"234","13",25825889,25825889,1,"*","C","intron_variant","MODIFIER","ATP8A2","ENSG00000132932","Transcript","ENST00000684424","protein_coding",NA,"26/35",NA,NA,NA,NA,NA,NA,NA,NA,NA,"1",NA,"HGNC","HGNC:13533",NA,NA,NA,NA,NA,NA,NA,NA,NA,NA,NA
"235","13",25831888,25831888,1,"*","C","intron_variant&NMD_transcript_variant","MODIFIER","ATP8A2","ENSG00000132932","Transcript","ENST00000281620","nonsense_mediated_decay",NA,"29/37",NA,NA,NA,NA,NA,NA,NA,NA,NA,"1",NA,"HGNC","HGNC:13533",NA,NA,NA,NA,NA,NA,NA,NA,NA,NA,NA
"236","13",25831888,25831888,1,"*","C","intron_variant","MODIFIER","ATP8A2","ENSG00000132932","Transcript","ENST00000381655","protein_coding",NA,"28/36",NA,NA,NA,NA,NA,NA,NA,NA,NA,"1",NA,"HGNC","HGNC:13533",NA,NA,NA,NA,NA,NA,NA,NA,NA,NA,NA
"237","13",25831888,25831888,1,"*","C","intron_variant&non_coding_transcript_variant","MODIFIER","ATP8A2","ENSG00000132932","Transcript","ENST00000491840","processed_transcript",NA,"14/19",NA,NA,NA,NA,NA,NA,NA,NA,NA,"1",NA,"HGNC","HGNC:13533",NA,NA,NA,NA,NA,NA,NA,NA,NA,NA,NA
"238","13",25831888,25831888,1,"*","C","intron_variant","MODIFIER","ATP8A2","ENSG00000132932","Transcript","ENST00000682472","protein_coding",NA,"27/35",NA,NA,NA,NA,NA,NA,NA,NA,NA,"1",NA,"HGNC","HGNC:13533",NA,NA,NA,NA,NA,NA,NA,NA,NA,NA,NA
"239","13",25831888,25831888,1,"*","C","intron_variant&non_coding_transcript_variant","MODIFIER","ATP8A2","ENSG00000132932","Transcript","ENST00000682942","processed_transcript",NA,"27/35",NA,NA,NA,NA,NA,NA,NA,NA,NA,"1",NA,"HGNC","HGNC:13533",NA,NA,NA,NA,NA,NA,NA,NA,NA,NA,NA
"240","13",25831888,25831888,1,"*","C","intron_variant&NMD_transcript_variant","MODIFIER","ATP8A2","ENSG00000132932","Transcript","ENST00000682943","nonsense_mediated_decay",NA,"26/31",NA,NA,NA,NA,NA,NA,NA,NA,NA,"1",NA,"HGNC","HGNC:13533",NA,NA,NA,NA,NA,NA,NA,NA,NA,NA,NA
"241","13",25831888,25831888,1,"*","C","intron_variant&NMD_transcript_variant","MODIFIER","ATP8A2","ENSG00000132932","Transcript","ENST00000683303","nonsense_mediated_decay",NA,"28/32",NA,NA,NA,NA,NA,NA,NA,NA,NA,"1",NA,"HGNC","HGNC:13533",NA,NA,NA,NA,NA,NA,NA,NA,NA,NA,NA
"242","13",25831888,25831888,1,"*","C","intron_variant&non_coding_transcript_variant","MODIFIER","ATP8A2","ENSG00000132932","Transcript","ENST00000683461","retained_intron",NA,"1/2",NA,NA,NA,NA,NA,NA,NA,NA,NA,"1",NA,"HGNC","HGNC:13533",NA,NA,NA,NA,NA,NA,NA,NA,NA,NA,NA
"243","13",25831888,25831888,1,"*","C","intron_variant&non_coding_transcript_variant","MODIFIER","ATP8A2","ENSG00000132932","Transcript","ENST00000683845","retained_intron",NA,"27/32",NA,NA,NA,NA,NA,NA,NA,NA,NA,"1",NA,"HGNC","HGNC:13533",NA,NA,NA,NA,NA,NA,NA,NA,NA,NA,NA
"244","13",25831888,25831888,1,"*","C","intron_variant&non_coding_transcript_variant","MODIFIER","ATP8A2","ENSG00000132932","Transcript","ENST00000683945","processed_transcript",NA,"27/35",NA,NA,NA,NA,NA,NA,NA,NA,NA,"1",NA,"HGNC","HGNC:13533",NA,NA,NA,NA,NA,NA,NA,NA,NA,NA,NA
"245","13",25831888,25831888,1,"*","C","intron_variant&NMD_transcript_variant","MODIFIER","ATP8A2","ENSG00000132932","Transcript","ENST00000683960","nonsense_mediated_decay",NA,"28/37",NA,NA,NA,NA,NA,NA,NA,NA,NA,"1",NA,"HGNC","HGNC:13533",NA,NA,NA,NA,NA,NA,NA,NA,NA,NA,NA
"246","13",25831888,25831888,1,"*","C","intron_variant&NMD_transcript_variant","MODIFIER","ATP8A2","ENSG00000132932","Transcript","ENST00000684283","nonsense_mediated_decay",NA,"28/31",NA,NA,NA,NA,NA,NA,NA,NA,NA,"1",NA,"HGNC","HGNC:13533",NA,NA,NA,NA,NA,NA,NA,NA,NA,NA,NA
"247","13",25831888,25831888,1,"*","C","intron_variant","MODIFIER","ATP8A2","ENSG00000132932","Transcript","ENST00000684424","protein_coding",NA,"27/35",NA,NA,NA,NA,NA,NA,NA,NA,NA,"1",NA,"HGNC","HGNC:13533",NA,NA,NA,NA,NA,NA,NA,NA,NA,NA,NA
"248","14",64935720,64935720,1,"*","T","downstream_gene_variant","MODIFIER","GPX2","ENSG00000176153","Transcript","ENST00000389614","protein_coding",NA,NA,NA,NA,NA,NA,NA,NA,NA,"rs1253021304","3438","-1",NA,"HGNC","HGNC:4554",NA,NA,NA,NA,NA,NA,NA,NA,NA,NA,NA
"249","14",64935720,64935720,1,"*","T","downstream_gene_variant","MODIFIER","GPX2","ENSG00000176153","Transcript","ENST00000553522","nonsense_mediated_decay",NA,NA,NA,NA,NA,NA,NA,NA,NA,"rs1253021304","3432","-1",NA,"HGNC","HGNC:4554",NA,NA,NA,NA,NA,NA,NA,NA,NA,NA,NA
"250","14",64935720,64935720,1,"*","T","downstream_gene_variant","MODIFIER","GPX2","ENSG00000176153","Transcript","ENST00000557049","protein_coding",NA,NA,NA,NA,NA,NA,NA,NA,NA,"rs1253021304","3697","-1","cds_start_NF","HGNC","HGNC:4554",NA,NA,NA,NA,NA,NA,NA,NA,NA,NA,NA
"251","14",64935720,64935720,1,"*","T","downstream_gene_variant","MODIFIER","GPX2","ENSG00000176153","Transcript","ENST00000557323","nonsense_mediated_decay",NA,NA,NA,NA,NA,NA,NA,NA,NA,"rs1253021304","3788","-1",NA,"HGNC","HGNC:4554",NA,NA,NA,NA,NA,NA,NA,NA,NA,NA,NA
"252","14",64935720,64935720,1,"*","T","downstream_gene_variant","MODIFIER","GPX2","ENSG00000176153","Transcript","ENST00000612794","protein_coding",NA,NA,NA,NA,NA,NA,NA,NA,NA,"rs1253021304","3433","-1",NA,"HGNC","HGNC:4554",NA,NA,NA,NA,NA,NA,NA,NA,NA,NA,NA
"253","16",772842,772842,1,"*","C","downstream_gene_variant","MODIFIER","MSLN","ENSG00000102854","Transcript","ENST00000382862","protein_coding",NA,NA,NA,NA,NA,NA,NA,NA,NA,NA,"3981","1",NA,"HGNC","HGNC:7371",NA,NA,NA,NA,NA,NA,NA,NA,NA,NA,NA
"254","16",772842,772842,1,"*","C","downstream_gene_variant","MODIFIER","MSLN","ENSG00000102854","Transcript","ENST00000545450","protein_coding",NA,NA,NA,NA,NA,NA,NA,NA,NA,NA,"3980","1",NA,"HGNC","HGNC:7371",NA,NA,NA,NA,NA,NA,NA,NA,NA,NA,NA
"255","16",772842,772842,1,"*","C","downstream_gene_variant","MODIFIER","MSLN","ENSG00000102854","Transcript","ENST00000561896","protein_coding",NA,NA,NA,NA,NA,NA,NA,NA,NA,NA,"3977","1","cds_start_NF&cds_end_NF","HGNC","HGNC:7371",NA,NA,NA,NA,NA,NA,NA,NA,NA,NA,NA
"256","16",772842,772842,1,"*","C","downstream_gene_variant","MODIFIER","MSLN","ENSG00000102854","Transcript","ENST00000563941","protein_coding",NA,NA,NA,NA,NA,NA,NA,NA,NA,NA,"3980","1",NA,"HGNC","HGNC:7371",NA,NA,NA,NA,NA,NA,NA,NA,NA,NA,NA
"257","16",772842,772842,1,"*","C","downstream_gene_variant","MODIFIER","MSLN","ENSG00000102854","Transcript","ENST00000566269","protein_coding",NA,NA,NA,NA,NA,NA,NA,NA,NA,NA,"4044","1","cds_start_NF","HGNC","HGNC:7371",NA,NA,NA,NA,NA,NA,NA,NA,NA,NA,NA
"258","16",772842,772842,1,"*","C","downstream_gene_variant","MODIFIER","MSLN","ENSG00000102854","Transcript","ENST00000566549","protein_coding",NA,NA,NA,NA,NA,NA,NA,NA,NA,NA,"3977","1",NA,"HGNC","HGNC:7371",NA,NA,NA,NA,NA,NA,NA,NA,NA,NA,NA
"259","16",20635418,20635418,1,"*","T","intron_variant","MODIFIER","ACSM1","ENSG00000166743","Transcript","ENST00000307493","protein_coding",NA,"9/12",NA,NA,NA,NA,NA,NA,NA,NA,NA,"-1",NA,"HGNC","HGNC:18049",NA,NA,NA,NA,NA,NA,NA,NA,NA,NA,NA
"260","16",20635418,20635418,1,"*","T","intron_variant&non_coding_transcript_variant","MODIFIER","ACSM1","ENSG00000166743","Transcript","ENST00000519031","retained_intron",NA,"6/9",NA,NA,NA,NA,NA,NA,NA,NA,NA,"-1",NA,"HGNC","HGNC:18049",NA,NA,NA,NA,NA,NA,NA,NA,NA,NA,NA
"261","16",20635418,20635418,1,"*","T","intron_variant&NMD_transcript_variant","MODIFIER","ACSM1","ENSG00000166743","Transcript","ENST00000519745","nonsense_mediated_decay",NA,"8/10",NA,NA,NA,NA,NA,NA,NA,NA,NA,"-1",NA,"HGNC","HGNC:18049",NA,NA,NA,NA,NA,NA,NA,NA,NA,NA,NA
"262","16",20635418,20635418,1,"*","T","intron_variant","MODIFIER","ACSM1","ENSG00000166743","Transcript","ENST00000520010","protein_coding",NA,"10/13",NA,NA,NA,NA,NA,NA,NA,NA,NA,"-1",NA,"HGNC","HGNC:18049",NA,NA,NA,NA,NA,NA,NA,NA,NA,NA,NA
"263","16",20635418,20635418,1,"*","T","intron_variant","MODIFIER","ACSM1","ENSG00000166743","Transcript","ENST00000524149","protein_coding",NA,"4/7",NA,NA,NA,NA,NA,NA,NA,NA,NA,"-1","cds_start_NF","HGNC","HGNC:18049",NA,NA,NA,NA,NA,NA,NA,NA,NA,NA,NA
"264","16",20638576,20638576,1,"*","T","intron_variant","MODIFIER","ACSM1","ENSG00000166743","Transcript","ENST00000307493","protein_coding",NA,"7/12",NA,NA,NA,NA,NA,NA,NA,NA,NA,"-1",NA,"HGNC","HGNC:18049",NA,NA,NA,NA,NA,NA,NA,NA,NA,NA,NA
"265","16",20638576,20638576,1,"*","T","intron_variant&non_coding_transcript_variant","MODIFIER","ACSM1","ENSG00000166743","Transcript","ENST00000519031","retained_intron",NA,"5/9",NA,NA,NA,NA,NA,NA,NA,NA,NA,"-1",NA,"HGNC","HGNC:18049",NA,NA,NA,NA,NA,NA,NA,NA,NA,NA,NA
"266","16",20638576,20638576,1,"*","T","intron_variant&NMD_transcript_variant","MODIFIER","ACSM1","ENSG00000166743","Transcript","ENST00000519745","nonsense_mediated_decay",NA,"7/10",NA,NA,NA,NA,NA,NA,NA,NA,NA,"-1",NA,"HGNC","HGNC:18049",NA,NA,NA,NA,NA,NA,NA,NA,NA,NA,NA
"267","16",20638576,20638576,1,"*","T","intron_variant","MODIFIER","ACSM1","ENSG00000166743","Transcript","ENST00000520010","protein_coding",NA,"8/13",NA,NA,NA,NA,NA,NA,NA,NA,NA,"-1",NA,"HGNC","HGNC:18049",NA,NA,NA,NA,NA,NA,NA,NA,NA,NA,NA
"268","16",20638576,20638576,1,"*","T","intron_variant","MODIFIER","ACSM1","ENSG00000166743","Transcript","ENST00000524149","protein_coding",NA,"3/7",NA,NA,NA,NA,NA,NA,NA,NA,NA,"-1","cds_start_NF","HGNC","HGNC:18049",NA,NA,NA,NA,NA,NA,NA,NA,NA,NA,NA
"269","19",15508362,15508362,1,"*","C","upstream_gene_variant","MODIFIER","CYP4F22","ENSG00000171954","Transcript","ENST00000269703","protein_coding",NA,NA,NA,NA,NA,NA,NA,NA,NA,NA,"163","1",NA,"HGNC","HGNC:26820",NA,NA,NA,NA,NA,NA,NA,NA,NA,NA,NA
"270","20",2321105,2321105,1,"*","C","intron_variant","MODIFIER","TGM3","ENSG00000125780","Transcript","ENST00000381458","protein_coding",NA,"7/12",NA,NA,NA,NA,NA,NA,NA,NA,NA,"1",NA,"HGNC","HGNC:11779",NA,NA,NA,NA,NA,NA,NA,NA,NA,NA,NA
"271","20",2321105,2321105,1,"*","C","intron_variant&non_coding_transcript_variant","MODIFIER","TGM3","ENSG00000125780","Transcript","ENST00000463090","processed_transcript",NA,"3/3",NA,NA,NA,NA,NA,NA,NA,NA,NA,"1",NA,"HGNC","HGNC:11779",NA,NA,NA,NA,NA,NA,NA,NA,NA,NA,NA
"272","21",31655212,31655212,1,"*","C","upstream_gene_variant","MODIFIER","SOD1","ENSG00000142168","Transcript","ENST00000270142","protein_coding",NA,NA,NA,NA,NA,NA,NA,NA,NA,NA,"4481","1",NA,"HGNC","HGNC:11179",NA,NA,NA,NA,NA,NA,NA,NA,NA,NA,NA
"273","21",31655212,31655212,1,"*","C","upstream_gene_variant","MODIFIER","SOD1","ENSG00000142168","Transcript","ENST00000389995","protein_coding",NA,NA,NA,NA,NA,NA,NA,NA,NA,NA,"4454","1",NA,"HGNC","HGNC:11179",NA,NA,NA,NA,NA,NA,NA,NA,NA,NA,NA
"274","21",31655212,31655212,1,"*","C","upstream_gene_variant","MODIFIER","SOD1","ENSG00000142168","Transcript","ENST00000470944","processed_transcript",NA,NA,NA,NA,NA,NA,NA,NA,NA,NA,"4497","1",NA,"HGNC","HGNC:11179",NA,NA,NA,NA,NA,NA,NA,NA,NA,NA,NA
"275","21",31655212,31655212,1,"*","C","upstream_gene_variant","MODIFIER","SOD1","ENSG00000142168","Transcript","ENST00000476106","processed_transcript",NA,NA,NA,NA,NA,NA,NA,NA,NA,NA,"4481","1",NA,"HGNC","HGNC:11179",NA,NA,NA,NA,NA,NA,NA,NA,NA,NA,NA
"276","21",38444863,38444863,1,"*","T","intron_variant","MODIFIER","ERG","ENSG00000157554","Transcript","ENST00000288319","protein_coding",NA,"2/9",NA,NA,NA,NA,NA,NA,NA,NA,NA,"-1",NA,"HGNC","HGNC:3446",NA,NA,NA,NA,NA,NA,NA,NA,NA,NA,NA
"277","21",38444863,38444863,1,"*","T","intron_variant","MODIFIER","ERG","ENSG00000157554","Transcript","ENST00000398897","protein_coding",NA,"2/8",NA,NA,NA,NA,NA,NA,NA,NA,NA,"-1",NA,"HGNC","HGNC:3446",NA,NA,NA,NA,NA,NA,NA,NA,NA,NA,NA
"278","21",38444863,38444863,1,"*","T","intron_variant","MODIFIER","ERG","ENSG00000157554","Transcript","ENST00000398905","protein_coding",NA,"2/8",NA,NA,NA,NA,NA,NA,NA,NA,NA,"-1",NA,"HGNC","HGNC:3446",NA,NA,NA,NA,NA,NA,NA,NA,NA,NA,NA
"279","21",38444863,38444863,1,"*","T","intron_variant","MODIFIER","ERG","ENSG00000157554","Transcript","ENST00000398907","protein_coding",NA,"2/8",NA,NA,NA,NA,NA,NA,NA,NA,NA,"-1",NA,"HGNC","HGNC:3446",NA,NA,NA,NA,NA,NA,NA,NA,NA,NA,NA
"280","21",38444863,38444863,1,"*","T","intron_variant","MODIFIER","ERG","ENSG00000157554","Transcript","ENST00000398910","protein_coding",NA,"4/10",NA,NA,NA,NA,NA,NA,NA,NA,NA,"-1",NA,"HGNC","HGNC:3446",NA,NA,NA,NA,NA,NA,NA,NA,NA,NA,NA
"281","21",38444863,38444863,1,"*","T","intron_variant","MODIFIER","ERG","ENSG00000157554","Transcript","ENST00000398911","protein_coding",NA,"3/9",NA,NA,NA,NA,NA,NA,NA,NA,NA,"-1",NA,"HGNC","HGNC:3446",NA,NA,NA,NA,NA,NA,NA,NA,NA,NA,NA
"282","21",38444863,38444863,1,"*","T","intron_variant","MODIFIER","ERG","ENSG00000157554","Transcript","ENST00000398919","protein_coding",NA,"4/11",NA,NA,NA,NA,NA,NA,NA,NA,NA,"-1",NA,"HGNC","HGNC:3446",NA,NA,NA,NA,NA,NA,NA,NA,NA,NA,NA
"283","21",38444863,38444863,1,"*","T","intron_variant","MODIFIER","ERG","ENSG00000157554","Transcript","ENST00000417133","protein_coding",NA,"4/11",NA,NA,NA,NA,NA,NA,NA,NA,NA,"-1",NA,"HGNC","HGNC:3446",NA,NA,NA,NA,NA,NA,NA,NA,NA,NA,NA
"284","21",38444863,38444863,1,"*","T","intron_variant","MODIFIER","ERG","ENSG00000157554","Transcript","ENST00000429727","protein_coding",NA,"4/8",NA,NA,NA,NA,NA,NA,NA,NA,NA,"-1",NA,"HGNC","HGNC:3446",NA,NA,NA,NA,NA,NA,NA,NA,NA,NA,NA
"285","21",38444863,38444863,1,"*","T","intron_variant","MODIFIER","ERG","ENSG00000157554","Transcript","ENST00000442448","protein_coding",NA,"4/10",NA,NA,NA,NA,NA,NA,NA,NA,NA,"-1",NA,"HGNC","HGNC:3446",NA,NA,NA,NA,NA,NA,NA,NA,NA,NA,NA
"286","21",38444863,38444863,1,"*","T","intron_variant","MODIFIER","ERG","ENSG00000157554","Transcript","ENST00000453032","protein_coding",NA,"1/8",NA,NA,NA,NA,NA,NA,NA,NA,NA,"-1",NA,"HGNC","HGNC:3446",NA,NA,NA,NA,NA,NA,NA,NA,NA,NA,NA
"287","21",38444863,38444863,1,"*","T","intron_variant&non_coding_transcript_variant","MODIFIER","ERG","ENSG00000157554","Transcript","ENST00000468474","retained_intron",NA,"4/7",NA,NA,NA,NA,NA,NA,NA,NA,NA,"-1",NA,"HGNC","HGNC:3446",NA,NA,NA,NA,NA,NA,NA,NA,NA,NA,NA
"288","21",38444863,38444863,1,"*","T","intron_variant&non_coding_transcript_variant","MODIFIER","ERG","ENSG00000157554","Transcript","ENST00000473107","processed_transcript",NA,"2/3",NA,NA,NA,NA,NA,NA,NA,NA,NA,"-1",NA,"HGNC","HGNC:3446",NA,NA,NA,NA,NA,NA,NA,NA,NA,NA,NA
"289","21",38444863,38444863,1,"*","T","intron_variant&non_coding_transcript_variant","MODIFIER","ERG","ENSG00000157554","Transcript","ENST00000481609","processed_transcript",NA,"3/7",NA,NA,NA,NA,NA,NA,NA,NA,NA,"-1",NA,"HGNC","HGNC:3446",NA,NA,NA,NA,NA,NA,NA,NA,NA,NA,NA
"290","21",38444863,38444863,1,"*","T","intron_variant&non_coding_transcript_variant","MODIFIER","ERG","ENSG00000157554","Transcript","ENST00000492833","processed_transcript",NA,"1/5",NA,NA,NA,NA,NA,NA,NA,NA,NA,"-1",NA,"HGNC","HGNC:3446",NA,NA,NA,NA,NA,NA,NA,NA,NA,NA,NA
"291","21",38444881,38444881,1,"*","A","intron_variant","MODIFIER","ERG","ENSG00000157554","Transcript","ENST00000288319","protein_coding",NA,"2/9",NA,NA,NA,NA,NA,NA,NA,NA,NA,"-1",NA,"HGNC","HGNC:3446",NA,NA,NA,NA,NA,NA,NA,NA,NA,NA,NA
"292","21",38444881,38444881,1,"*","A","intron_variant","MODIFIER","ERG","ENSG00000157554","Transcript","ENST00000398897","protein_coding",NA,"2/8",NA,NA,NA,NA,NA,NA,NA,NA,NA,"-1",NA,"HGNC","HGNC:3446",NA,NA,NA,NA,NA,NA,NA,NA,NA,NA,NA
"293","21",38444881,38444881,1,"*","A","intron_variant","MODIFIER","ERG","ENSG00000157554","Transcript","ENST00000398905","protein_coding",NA,"2/8",NA,NA,NA,NA,NA,NA,NA,NA,NA,"-1",NA,"HGNC","HGNC:3446",NA,NA,NA,NA,NA,NA,NA,NA,NA,NA,NA
"294","21",38444881,38444881,1,"*","A","intron_variant","MODIFIER","ERG","ENSG00000157554","Transcript","ENST00000398907","protein_coding",NA,"2/8",NA,NA,NA,NA,NA,NA,NA,NA,NA,"-1",NA,"HGNC","HGNC:3446",NA,NA,NA,NA,NA,NA,NA,NA,NA,NA,NA
"295","21",38444881,38444881,1,"*","A","intron_variant","MODIFIER","ERG","ENSG00000157554","Transcript","ENST00000398910","protein_coding",NA,"4/10",NA,NA,NA,NA,NA,NA,NA,NA,NA,"-1",NA,"HGNC","HGNC:3446",NA,NA,NA,NA,NA,NA,NA,NA,NA,NA,NA
"296","21",38444881,38444881,1,"*","A","intron_variant","MODIFIER","ERG","ENSG00000157554","Transcript","ENST00000398911","protein_coding",NA,"3/9",NA,NA,NA,NA,NA,NA,NA,NA,NA,"-1",NA,"HGNC","HGNC:3446",NA,NA,NA,NA,NA,NA,NA,NA,NA,NA,NA
"297","21",38444881,38444881,1,"*","A","intron_variant","MODIFIER","ERG","ENSG00000157554","Transcript","ENST00000398919","protein_coding",NA,"4/11",NA,NA,NA,NA,NA,NA,NA,NA,NA,"-1",NA,"HGNC","HGNC:3446",NA,NA,NA,NA,NA,NA,NA,NA,NA,NA,NA
"298","21",38444881,38444881,1,"*","A","intron_variant","MODIFIER","ERG","ENSG00000157554","Transcript","ENST00000417133","protein_coding",NA,"4/11",NA,NA,NA,NA,NA,NA,NA,NA,NA,"-1",NA,"HGNC","HGNC:3446",NA,NA,NA,NA,NA,NA,NA,NA,NA,NA,NA
"299","21",38444881,38444881,1,"*","A","intron_variant","MODIFIER","ERG","ENSG00000157554","Transcript","ENST00000429727","protein_coding",NA,"4/8",NA,NA,NA,NA,NA,NA,NA,NA,NA,"-1",NA,"HGNC","HGNC:3446",NA,NA,NA,NA,NA,NA,NA,NA,NA,NA,NA
"300","21",38444881,38444881,1,"*","A","intron_variant","MODIFIER","ERG","ENSG00000157554","Transcript","ENST00000442448","protein_coding",NA,"4/10",NA,NA,NA,NA,NA,NA,NA,NA,NA,"-1",NA,"HGNC","HGNC:3446",NA,NA,NA,NA,NA,NA,NA,NA,NA,NA,NA
"301","21",38444881,38444881,1,"*","A","intron_variant","MODIFIER","ERG","ENSG00000157554","Transcript","ENST00000453032","protein_coding",NA,"1/8",NA,NA,NA,NA,NA,NA,NA,NA,NA,"-1",NA,"HGNC","HGNC:3446",NA,NA,NA,NA,NA,NA,NA,NA,NA,NA,NA
"302","21",38444881,38444881,1,"*","A","intron_variant&non_coding_transcript_variant","MODIFIER","ERG","ENSG00000157554","Transcript","ENST00000468474","retained_intron",NA,"4/7",NA,NA,NA,NA,NA,NA,NA,NA,NA,"-1",NA,"HGNC","HGNC:3446",NA,NA,NA,NA,NA,NA,NA,NA,NA,NA,NA
"303","21",38444881,38444881,1,"*","A","intron_variant&non_coding_transcript_variant","MODIFIER","ERG","ENSG00000157554","Transcript","ENST00000473107","processed_transcript",NA,"2/3",NA,NA,NA,NA,NA,NA,NA,NA,NA,"-1",NA,"HGNC","HGNC:3446",NA,NA,NA,NA,NA,NA,NA,NA,NA,NA,NA
"304","21",38444881,38444881,1,"*","A","intron_variant&non_coding_transcript_variant","MODIFIER","ERG","ENSG00000157554","Transcript","ENST00000481609","processed_transcript",NA,"3/7",NA,NA,NA,NA,NA,NA,NA,NA,NA,"-1",NA,"HGNC","HGNC:3446",NA,NA,NA,NA,NA,NA,NA,NA,NA,NA,NA
"305","21",38444881,38444881,1,"*","A","intron_variant&non_coding_transcript_variant","MODIFIER","ERG","ENSG00000157554","Transcript","ENST00000492833","processed_transcript",NA,"1/5",NA,NA,NA,NA,NA,NA,NA,NA,NA,"-1",NA,"HGNC","HGNC:3446",NA,NA,NA,NA,NA,NA,NA,NA,NA,NA,NA
"306","21",38512956,38512956,1,"*","G","intron_variant","MODIFIER","ERG","ENSG00000157554","Transcript","ENST00000398897","protein_coding",NA,"2/8",NA,NA,NA,NA,NA,NA,NA,NA,NA,"-1",NA,"HGNC","HGNC:3446",NA,NA,NA,NA,NA,NA,NA,NA,NA,NA,NA
"307","21",38512956,38512956,1,"*","G","intron_variant","MODIFIER","ERG","ENSG00000157554","Transcript","ENST00000398910","protein_coding",NA,"3/10",NA,NA,NA,NA,NA,NA,NA,NA,NA,"-1",NA,"HGNC","HGNC:3446",NA,NA,NA,NA,NA,NA,NA,NA,NA,NA,NA
"308","21",38512956,38512956,1,"*","G","intron_variant","MODIFIER","ERG","ENSG00000157554","Transcript","ENST00000398911","protein_coding",NA,"2/9",NA,NA,NA,NA,NA,NA,NA,NA,NA,"-1",NA,"HGNC","HGNC:3446",NA,NA,NA,NA,NA,NA,NA,NA,NA,NA,NA
"309","21",38512956,38512956,1,"*","G","intron_variant","MODIFIER","ERG","ENSG00000157554","Transcript","ENST00000398919","protein_coding",NA,"3/11",NA,NA,NA,NA,NA,NA,NA,NA,NA,"-1",NA,"HGNC","HGNC:3446",NA,NA,NA,NA,NA,NA,NA,NA,NA,NA,NA
"310","21",38512956,38512956,1,"*","G","intron_variant","MODIFIER","ERG","ENSG00000157554","Transcript","ENST00000417133","protein_coding",NA,"3/11",NA,NA,NA,NA,NA,NA,NA,NA,NA,"-1",NA,"HGNC","HGNC:3446",NA,NA,NA,NA,NA,NA,NA,NA,NA,NA,NA
"311","21",38512956,38512956,1,"*","G","intron_variant","MODIFIER","ERG","ENSG00000157554","Transcript","ENST00000429727","protein_coding",NA,"3/8",NA,NA,NA,NA,NA,NA,NA,NA,NA,"-1",NA,"HGNC","HGNC:3446",NA,NA,NA,NA,NA,NA,NA,NA,NA,NA,NA
"312","21",38512956,38512956,1,"*","G","intron_variant","MODIFIER","ERG","ENSG00000157554","Transcript","ENST00000442448","protein_coding",NA,"3/10",NA,NA,NA,NA,NA,NA,NA,NA,NA,"-1",NA,"HGNC","HGNC:3446",NA,NA,NA,NA,NA,NA,NA,NA,NA,NA,NA
"313","21",38512956,38512956,1,"*","G","intron_variant&non_coding_transcript_variant","MODIFIER","ERG","ENSG00000157554","Transcript","ENST00000468474","retained_intron",NA,"3/7",NA,NA,NA,NA,NA,NA,NA,NA,NA,"-1",NA,"HGNC","HGNC:3446",NA,NA,NA,NA,NA,NA,NA,NA,NA,NA,NA
"314","21",38512956,38512956,1,"*","G","intron_variant&non_coding_transcript_variant","MODIFIER","ERG","ENSG00000157554","Transcript","ENST00000485493","processed_transcript",NA,"3/4",NA,NA,NA,NA,NA,NA,NA,NA,NA,"-1",NA,"HGNC","HGNC:3446",NA,NA,NA,NA,NA,NA,NA,NA,NA,NA,NA
"315","21",38525356,38525356,1,"*","C","intron_variant","MODIFIER","ERG","ENSG00000157554","Transcript","ENST00000398897","protein_coding",NA,"2/8",NA,NA,NA,NA,NA,NA,NA,NA,NA,"-1",NA,"HGNC","HGNC:3446",NA,NA,NA,NA,NA,NA,NA,NA,NA,NA,NA
"316","21",38525356,38525356,1,"*","C","intron_variant","MODIFIER","ERG","ENSG00000157554","Transcript","ENST00000398910","protein_coding",NA,"3/10",NA,NA,NA,NA,NA,NA,NA,NA,NA,"-1",NA,"HGNC","HGNC:3446",NA,NA,NA,NA,NA,NA,NA,NA,NA,NA,NA
"317","21",38525356,38525356,1,"*","C","intron_variant","MODIFIER","ERG","ENSG00000157554","Transcript","ENST00000398911","protein_coding",NA,"2/9",NA,NA,NA,NA,NA,NA,NA,NA,NA,"-1",NA,"HGNC","HGNC:3446",NA,NA,NA,NA,NA,NA,NA,NA,NA,NA,NA
"318","21",38525356,38525356,1,"*","C","intron_variant","MODIFIER","ERG","ENSG00000157554","Transcript","ENST00000398919","protein_coding",NA,"3/11",NA,NA,NA,NA,NA,NA,NA,NA,NA,"-1",NA,"HGNC","HGNC:3446",NA,NA,NA,NA,NA,NA,NA,NA,NA,NA,NA
"319","21",38525356,38525356,1,"*","C","intron_variant","MODIFIER","ERG","ENSG00000157554","Transcript","ENST00000417133","protein_coding",NA,"3/11",NA,NA,NA,NA,NA,NA,NA,NA,NA,"-1",NA,"HGNC","HGNC:3446",NA,NA,NA,NA,NA,NA,NA,NA,NA,NA,NA
"320","21",38525356,38525356,1,"*","C","intron_variant","MODIFIER","ERG","ENSG00000157554","Transcript","ENST00000429727","protein_coding",NA,"3/8",NA,NA,NA,NA,NA,NA,NA,NA,NA,"-1",NA,"HGNC","HGNC:3446",NA,NA,NA,NA,NA,NA,NA,NA,NA,NA,NA
"321","21",38525356,38525356,1,"*","C","intron_variant","MODIFIER","ERG","ENSG00000157554","Transcript","ENST00000442448","protein_coding",NA,"3/10",NA,NA,NA,NA,NA,NA,NA,NA,NA,"-1",NA,"HGNC","HGNC:3446",NA,NA,NA,NA,NA,NA,NA,NA,NA,NA,NA
"322","21",38525356,38525356,1,"*","C","intron_variant&non_coding_transcript_variant","MODIFIER","ERG","ENSG00000157554","Transcript","ENST00000468474","retained_intron",NA,"3/7",NA,NA,NA,NA,NA,NA,NA,NA,NA,"-1",NA,"HGNC","HGNC:3446",NA,NA,NA,NA,NA,NA,NA,NA,NA,NA,NA
"323","21",38525356,38525356,1,"*","C","intron_variant&non_coding_transcript_variant","MODIFIER","ERG","ENSG00000157554","Transcript","ENST00000485493","processed_transcript",NA,"3/4",NA,NA,NA,NA,NA,NA,NA,NA,NA,"-1",NA,"HGNC","HGNC:3446",NA,NA,NA,NA,NA,NA,NA,NA,NA,NA,NA
"324","21",38568009,38568009,1,"*","C","intron_variant","MODIFIER","ERG","ENSG00000157554","Transcript","ENST00000398897","protein_coding",NA,"2/8",NA,NA,NA,NA,NA,NA,NA,NA,NA,"-1",NA,"HGNC","HGNC:3446",NA,NA,NA,NA,NA,NA,NA,NA,NA,NA,NA
"325","21",38568009,38568009,1,"*","C","intron_variant","MODIFIER","ERG","ENSG00000157554","Transcript","ENST00000398910","protein_coding",NA,"3/10",NA,NA,NA,NA,NA,NA,NA,NA,NA,"-1",NA,"HGNC","HGNC:3446",NA,NA,NA,NA,NA,NA,NA,NA,NA,NA,NA
"326","21",38568009,38568009,1,"*","C","intron_variant","MODIFIER","ERG","ENSG00000157554","Transcript","ENST00000398911","protein_coding",NA,"2/9",NA,NA,NA,NA,NA,NA,NA,NA,NA,"-1",NA,"HGNC","HGNC:3446",NA,NA,NA,NA,NA,NA,NA,NA,NA,NA,NA
"327","21",38568009,38568009,1,"*","C","intron_variant","MODIFIER","ERG","ENSG00000157554","Transcript","ENST00000398919","protein_coding",NA,"3/11",NA,NA,NA,NA,NA,NA,NA,NA,NA,"-1",NA,"HGNC","HGNC:3446",NA,NA,NA,NA,NA,NA,NA,NA,NA,NA,NA
"328","21",38568009,38568009,1,"*","C","intron_variant","MODIFIER","ERG","ENSG00000157554","Transcript","ENST00000417133","protein_coding",NA,"3/11",NA,NA,NA,NA,NA,NA,NA,NA,NA,"-1",NA,"HGNC","HGNC:3446",NA,NA,NA,NA,NA,NA,NA,NA,NA,NA,NA
"329","21",38568009,38568009,1,"*","C","intron_variant","MODIFIER","ERG","ENSG00000157554","Transcript","ENST00000429727","protein_coding",NA,"3/8",NA,NA,NA,NA,NA,NA,NA,NA,NA,"-1",NA,"HGNC","HGNC:3446",NA,NA,NA,NA,NA,NA,NA,NA,NA,NA,NA
"330","21",38568009,38568009,1,"*","C","intron_variant","MODIFIER","ERG","ENSG00000157554","Transcript","ENST00000442448","protein_coding",NA,"3/10",NA,NA,NA,NA,NA,NA,NA,NA,NA,"-1",NA,"HGNC","HGNC:3446",NA,NA,NA,NA,NA,NA,NA,NA,NA,NA,NA
"331","21",38568009,38568009,1,"*","C","intron_variant&non_coding_transcript_variant","MODIFIER","ERG","ENSG00000157554","Transcript","ENST00000468474","retained_intron",NA,"3/7",NA,NA,NA,NA,NA,NA,NA,NA,NA,"-1",NA,"HGNC","HGNC:3446",NA,NA,NA,NA,NA,NA,NA,NA,NA,NA,NA
"332","21",38568009,38568009,1,"*","C","intron_variant&non_coding_transcript_variant","MODIFIER","ERG","ENSG00000157554","Transcript","ENST00000485493","processed_transcript",NA,"3/4",NA,NA,NA,NA,NA,NA,NA,NA,NA,"-1",NA,"HGNC","HGNC:3446",NA,NA,NA,NA,NA,NA,NA,NA,NA,NA,NA
"333","21",38568308,38568308,1,"*","T","intron_variant","MODIFIER","ERG","ENSG00000157554","Transcript","ENST00000398897","protein_coding",NA,"2/8",NA,NA,NA,NA,NA,NA,NA,NA,NA,"-1",NA,"HGNC","HGNC:3446",NA,NA,NA,NA,NA,NA,NA,NA,NA,NA,NA
"334","21",38568308,38568308,1,"*","T","intron_variant","MODIFIER","ERG","ENSG00000157554","Transcript","ENST00000398910","protein_coding",NA,"3/10",NA,NA,NA,NA,NA,NA,NA,NA,NA,"-1",NA,"HGNC","HGNC:3446",NA,NA,NA,NA,NA,NA,NA,NA,NA,NA,NA
"335","21",38568308,38568308,1,"*","T","intron_variant","MODIFIER","ERG","ENSG00000157554","Transcript","ENST00000398911","protein_coding",NA,"2/9",NA,NA,NA,NA,NA,NA,NA,NA,NA,"-1",NA,"HGNC","HGNC:3446",NA,NA,NA,NA,NA,NA,NA,NA,NA,NA,NA
"336","21",38568308,38568308,1,"*","T","intron_variant","MODIFIER","ERG","ENSG00000157554","Transcript","ENST00000398919","protein_coding",NA,"3/11",NA,NA,NA,NA,NA,NA,NA,NA,NA,"-1",NA,"HGNC","HGNC:3446",NA,NA,NA,NA,NA,NA,NA,NA,NA,NA,NA
"337","21",38568308,38568308,1,"*","T","intron_variant","MODIFIER","ERG","ENSG00000157554","Transcript","ENST00000417133","protein_coding",NA,"3/11",NA,NA,NA,NA,NA,NA,NA,NA,NA,"-1",NA,"HGNC","HGNC:3446",NA,NA,NA,NA,NA,NA,NA,NA,NA,NA,NA
"338","21",38568308,38568308,1,"*","T","intron_variant","MODIFIER","ERG","ENSG00000157554","Transcript","ENST00000429727","protein_coding",NA,"3/8",NA,NA,NA,NA,NA,NA,NA,NA,NA,"-1",NA,"HGNC","HGNC:3446",NA,NA,NA,NA,NA,NA,NA,NA,NA,NA,NA
"339","21",38568308,38568308,1,"*","T","intron_variant","MODIFIER","ERG","ENSG00000157554","Transcript","ENST00000442448","protein_coding",NA,"3/10",NA,NA,NA,NA,NA,NA,NA,NA,NA,"-1",NA,"HGNC","HGNC:3446",NA,NA,NA,NA,NA,NA,NA,NA,NA,NA,NA
"340","21",38568308,38568308,1,"*","T","intron_variant&non_coding_transcript_variant","MODIFIER","ERG","ENSG00000157554","Transcript","ENST00000468474","retained_intron",NA,"3/7",NA,NA,NA,NA,NA,NA,NA,NA,NA,"-1",NA,"HGNC","HGNC:3446",NA,NA,NA,NA,NA,NA,NA,NA,NA,NA,NA
"341","21",38568308,38568308,1,"*","T","intron_variant&non_coding_transcript_variant","MODIFIER","ERG","ENSG00000157554","Transcript","ENST00000485493","processed_transcript",NA,"3/4",NA,NA,NA,NA,NA,NA,NA,NA,NA,"-1",NA,"HGNC","HGNC:3446",NA,NA,NA,NA,NA,NA,NA,NA,NA,NA,NA
"342","22",23980968,23980968,1,"*","A","missense_variant","MODERATE","GSTT2","ENSG00000099984","Transcript","ENST00000402588","polymorphic_pseudogene","2/5",NA,NA,NA,"273","133","45","F/I","Ttc/Atc",NA,NA,"1",NA,"HGNC","HGNC:4642","deleterious(0)","benign(0.267)",NA,NA,NA,NA,NA,NA,NA,NA,NA
"343","22",23980968,23980968,1,"*","A","missense_variant","MODERATE","GSTT2","ENSG00000099984","Transcript","ENST00000621118","protein_coding","2/6",NA,NA,NA,"208","133","45","F/I","Ttc/Atc",NA,NA,"1",NA,"HGNC","HGNC:4642","deleterious(0)","benign(0.267)",NA,NA,NA,NA,NA,NA,NA,NA,NA
"344","22",23980968,23980968,1,"*","A","missense_variant","MODERATE","GSTT2","ENSG00000099984","Transcript","ENST00000634759","polymorphic_pseudogene","2/5",NA,NA,NA,"273","133","45","F/I","Ttc/Atc",NA,NA,"1",NA,"HGNC","HGNC:4642","deleterious(0)","possibly_damaging(0.524)",NA,NA,NA,NA,NA,NA,NA,NA,NA
